county,areacode,village,number,name,address,administration,latitude,longitude,grade,type2,type,exec,diaper
65000,65000080,南靖里,F080000279,中油鶯歌加油站-男廁,新北市鶯歌區南靖里文化路152號,台灣中油股份有限公司,24.95042700,121.35223700,特優級,商業營業場所,男廁所,台灣中油股份有限公司鶯歌加油站,0
65000,65000090,永館里,F090000081,麥當勞三峽文化店2F-混合廁所,新北市三峽區永館里文化路72號,和德昌股份有限公司,24.93623000,121.37215500,特優級,商業營業場所,混合廁所,和德昌股份有限公司三峽文化店,0
65000,65000090,中埔里,F090000135,鳶山簡易運動場-男廁,新北市三峽區中埔里鳶峰路,新北市政府體育局,24.93238100,121.35728200,特優級,文化育樂活動場所,男廁所,新北市三峽區公所,0
65000,65000100,忠山里,F100000036,淡水行忠堂-女廁,新北市淡水區忠山里樁子林18號,行忠堂管理委員會,25.20189301,121.48094773,優等級,宗教禮儀場所,女廁所,行忠堂管理委員會,0
65000,65000100,新義里,F100000097,麥當勞淡水中山店2F-女廁,新北市淡水區新義里中山北路1段105號,和德昌股份有限公司,25.17654500,121.44244300,特優級,商業營業場所,女廁所,和德昌股份有限公司,0
65000,65000100,水源里,F100000147,淡水無極天元宮(天壇)-男廁,新北市淡水區水源里北新路3段36號,淡水天元宮管理委員會,25.18637929,121.48499250,特優級,宗教禮儀場所,男廁所,天元宮董監事會,0
65000,65000100,竹圍里,F100000165,中油竹圍加油站-男廁,新北市淡水區竹圍里民權路86號,竹圍加油站有限公司,25.13353100,121.45889600,優等級,商業營業場所,男廁所,台灣中油股份有限公司竹圍加油站,0
65000,65000080,南靖里,F080000297,麥當勞鶯歌文化店-女廁,新北市鶯歌區南靖里文化路363號,和德昌股份有限公司,24.95109200,121.35228900,特優級,商業營業場所,女廁所,麥當勞鶯歌文化店,0
65000,65000090,永館里,F090000126,歷史文物館-男廁,新北市三峽區永館里中山路18號,新北市三峽區公所,24.93452600,121.36935200,特優級,文化育樂活動場所,男廁所,新北市三峽區公所,0
65000,65000090,大埔里,F090000260,中油大埔加油站-男廁,新北市三峽區大埔里中正路2段165號,台灣中油股份有限公司,24.91496880,121.36638000,特優級,商業營業場所,男廁所,台灣中油股份有限公司,0
65000,65000090,溪東里,F090000329,中油清溪加油站-男廁,新北市三峽區溪東里溪東89號,中油清溪加油站,24.93478500,121.40137300,特優級,商業營業場所,男廁所,台灣中油股份有限公司清溪加油站,0
65000,65000090,中正里,F090000476,台亞三峽加油站-男廁,新北市三峽區中正里中正路1段307號,台亞石油股份有限公司,24.92491700,121.37154500,特優級,商業營業場所,男廁所,台亞石油股份有限公司三峽加油站,0
65000,65000100,新義里,F100000096,麥當勞淡水中山店2F-男廁,新北市淡水區新義里中山北路1段105號,和德昌股份有限公司,25.17652565,121.44248217,特優級,商業營業場所,男廁所,和德昌股份有限公司,0
65000,65000100,水源里,F100000148,淡水無極天元宮(天壇)-女廁,新北市淡水區水源里北新路3段36號,淡水天元宮管理委員會,25.18657347,121.48494960,特優級,宗教禮儀場所,女廁所,天元宮董監事會,0
65000,65000100,學府里,F100000267,中油東來加油站-女廁,新北市淡水區學府里淡金路1段69號,東來加油股份有限公司,25.17487300,121.45765400,優等級,商業營業場所,女廁所,台灣中油股份有限公司東來加油站,0
10002,10002050,三民村,G050000070,信宜加油站-女廁,宜蘭縣礁溪鄉三民村礁溪路3段38號,信宜加油站,24.80205449,121.76542550,特優級,商業營業場所,女廁所,信宜加油站,0
65000,65000090,礁溪里,F090000143,中油三峽加油站-男廁,新北市三峽區礁溪里介壽路一段193號,台灣中油股份有限公司,24.93087900,121.37785400,特優級,商業營業場所,男廁所,台灣中油股份有限公司三峽站,0
65000,65000090,鳶山里,F090000156,中山公園(山坡上)-性別友善廁所,新北市三峽區鳶山里中山路與文化路口,新北市三峽區公所,24.93507626,121.36618070,特優級,公園,性別友善廁所,新北市三峽區公所經建課,1
65000,65000100,賢孝里,F100000015,新埔加油站-男廁,新北市淡水區賢孝里淡金路496號,"台灣中油股份有限公司 新埔站",25.22529700,121.45235200,優等級,商業營業場所,男廁所,"台灣中油股份有限公司 新埔站",0
65000,65000100,興仁里,F100000018,北基淡金路加油站-男廁,新北市淡水區興仁里淡金路3段446號,"台灣中油股份有限公司 北基淡金路站(加盟站)",25.21488800,121.45088600,優等級,商業營業場所,男廁所,"台灣中油股份有限公司 北基淡金路站(加盟站)",0
65000,65000100,民生里,F100000203,淡水區竹圍活動中心5F-女廁,新北市淡水區民生里民生路27號,新北市淡水區公所,25.13787000,121.46156600,特優級,社福機構、集會場所,女廁所,淡水區公所民政課,0
65000,65000100,鄧公里,F100000276,淡水鄞山寺-男廁,新北市淡水區鄧公里鄧公路15號,淡水鄞山寺管委會,25.16887300,121.44824400,優等級,宗教禮儀場所,男廁所,淡水鄞山寺管委會,0
65000,65000100,文化里,F100000428,淡水紅毛城-男廁,新北市淡水區文化里中正路28巷1號,新北市政府文化局,25.17478640,121.43321514,特優級,觀光地區及風景區,男廁所,新北市立淡水古蹟博物館,1
65000,65000080,南靖里,F080000278,中油鶯歌加油站-女廁,新北市鶯歌區南靖里文化路152號,台灣中油股份有限公司,24.95042700,121.35223700,特優級,商業營業場所,女廁所,台灣中油股份有限公司鶯歌加油站,0
65000,65000090,永館里,F090000071,三峽區公有零售市場1F-男廁,新北市三峽區永館里民生街186號,新北市政府市場處,24.93493200,121.37067300,特優級,商業營業場所,男廁所,新北市政府市場處,0
65000,65000090,插角里,F090000299,大板根森林遊樂區-男廁,新北市三峽區插角里插角80號,大板根森林遊樂區,24.87088700,121.40731200,特優級,觀光地區及風景區,男廁所,大板根森林遊樂區,0
65000,65000100,忠山里,F100000035,淡水行忠堂-男廁,新北市淡水區忠山里樁子林18號,行忠堂管理委員會,25.20191242,121.48095846,優等級,宗教禮儀場所,男廁所,行忠堂管理委員會,0
65000,65000100,竹圍里,F100000166,中油竹圍加油站-女廁,新北市淡水區竹圍里民權路86號,竹圍加油站有限公司,25.13353100,121.45889600,優等級,商業營業場所,女廁所,台灣中油股份有限公司竹圍加油站,0
65000,65000100,竿蓁里,F100000253,中油金滿益加油站-男廁,新北市淡水區竿蓁里淡金路101號,永泰企業有限公司,25.16712600,121.45984800,特優級,商業營業場所,男廁所,台灣中油股份有限公司金滿益加油站,0
65000,65000100,幸福里,F100000265,中油淡水加油站-女廁,新北市淡水區幸福里中正東路1號,台灣中油股份有限公司,25.16867881,121.44550502,特優級,商業營業場所,女廁所,台灣中油股份有限公司,0
65000,65000100,民安里,F100000386,淡水福佑宮-女廁,新北市淡水區民安里中正路200號,淡水福佑宮,25.17006000,121.43990000,優等級,宗教禮儀場所,女廁所,淡水福佑宮,0
10002,10002050,三民村,G050000072,豐富加油站-女廁,宜蘭縣礁溪鄉三民村礁溪路三段266號,豐富加油站,24.81146061,121.76749617,特優級,商業營業場所,女廁所,豐富加油站,0
65000,65000090,大埔里,F090000259,中油民盛加油站-男廁,新北市三峽區大埔里中正路2段362號,民盛加油站有限公司,24.90986700,121.36563500,特優級,商業營業場所,男廁所,民盛加油站有限公司,0
65000,65000090,嘉添里,F090000278,三峽白雞行修宮停車場-男廁,新北市三峽區嘉添里白雞155號,新北市政府交通局,24.90511193,121.40021320,特優級,交通,男廁所,日月亭股份有限公司,0
65000,65000090,介壽里,F090000423,三峽圖書館1F-男廁,新北市三峽區介壽里永安街9巷5號,新北市政府文化局,24.92975800,121.37639500,特優級,文化育樂活動場所,男廁所,新北市立圖書館三峽分館,0
65000,65000100,竿蓁里,F100000252,中油永秦加油站-女廁,新北市淡水區竿蓁里中正東路36號,永泰企業有限公司,25.16557900,121.44880200,特優級,商業營業場所,女廁所,台灣中油股份有限公司永秦加油站,0
65000,65000100,竿蓁里,F100000254,中油金滿益加油站-女廁,新北市淡水區竿蓁里淡金路101號,永泰企業有限公司,25.16712600,121.45984800,特優級,商業營業場所,女廁所,台灣中油股份有限公司金滿益加油站,0
65000,65000100,學府里,F100000266,中油東來加油站-男廁,新北市淡水區學府里淡金路1段69號,東來加油股份有限公司,25.17487300,121.45765400,優等級,商業營業場所,男廁所,台灣中油股份有限公司東來加油站,0
65000,65000100,幸福里,F100000268,麥當勞淡水中正店2F-混合廁所,新北市淡水區幸福里中正東路37號,和德昌股份有限公司,25.16833410,121.44626945,特優級,商業營業場所,混合廁所,和德昌股份有限公司,0
65000,65000090,鳶山里,F090000154,中油三鶯加油站-男廁,新北市三峽區鳶山里復興路316號,聚輪有限公司三峽加油站,24.93892522,121.36609805,特優級,商業營業場所,男廁所,台灣中油股份有限公司三峽加油站,0
65000,65000090,龍埔里,F090000189,龍埔(防災)公園-男廁,新北市三峽區龍埔里國光街60號,新北市三峽區公所,24.93801100,121.37443100,特優級,公園,男廁所,新北市三峽區公所經建課,0
65000,65000100,賢孝里,F100000016,新埔加油站-女廁,新北市淡水區賢孝里淡金路496號,"台灣中油股份有限公司 新埔站",25.22548017,121.45199597,優等級,商業營業場所,女廁所,"台灣中油股份有限公司 新埔站",0
65000,65000100,興仁里,F100000019,北基淡金路加油站-女廁,新北市淡水區興仁里淡金路3段446號,北基國際股份有限公司,25.21488800,121.45088600,優等級,商業營業場所,女廁所,北基國際股份有限公司,0
65000,65000100,民生里,F100000202,淡水區竹圍活動中心5F-男廁,新北市淡水區民生里民生路27號,新北市淡水區公所,25.13787000,121.46156600,特優級,社福機構、集會場所,男廁所,淡水區公所民政課,0
65000,65000100,竿蓁里,F100000251,中油永秦加油站-男廁,新北市淡水區竿蓁里中正東路36號,永泰企業有限公司,25.16491118,121.45027936,特優級,商業營業場所,男廁所,台灣中油股份有限公司永秦加油站,0
65000,65000100,新生里,F100000396,新北市立圖書館淡水分館5F-女廁,新北市淡水區新生里文化路65號,新北市政府文化局,25.17278618,121.43797338,特優級,文化育樂活動場所,女廁所,新北市立圖書館淡水分館,0
65000,65000100,文化里,F100000429,淡水紅毛城-女廁,新北市淡水區文化里中正路28巷1號,新北市政府文化局,25.17463104,121.43337607,特優級,觀光地區及風景區,女廁所,新北市立淡水古蹟博物館,0
65000,65000080,南靖里,F080000298,麥當勞鶯歌文化店-混合廁所,新北市鶯歌區南靖里文化路363號,和德昌股份有限公司,24.95109200,121.35228900,特優級,商業營業場所,混合廁所,麥當勞鶯歌文化店,0
65000,65000090,溪北里,F090000315,中油長壽山加油站-男廁,新北市三峽區溪北里介壽路3段131號,長壽山加油站股份有限公司,24.94269400,121.39951700,特優級,商業營業場所,男廁所,台灣中油股份有限公司長壽山加油站,0
65000,65000090,溪南里,F090000323,柑園三峽加油站-男廁,新北市三峽區溪南里介壽路1段385號,柑園三峽加油站,24.93409000,121.38778400,特優級,商業營業場所,男廁所,柑園三峽加油站,0
65000,65000100,新義里,F100000098,肯德基淡水中山店2F-男廁,新北市淡水區新義里中山北路1段151號,富利餐飲股份有限公司,25.17747700,121.44311700,特優級,商業營業場所,男廁所,富利餐飲股份有限公司,0
65000,65000100,水源里,F100000146,淡水無極天元宮停車場-女廁,新北市淡水區水源里北新路3段36號,淡水天元宮管理委員會,25.18650551,121.48491740,特優級,交通,女廁所,天元宮董監事會,0
65000,65000100,竿蓁里,F100000259,百齡公園-男廁,新北市淡水區竿蓁里中正東路一段3巷1號,新北市政府淡水區公所,25.16498100,121.44993300,特優級,公園,男廁所,經建課,0
65000,65000100,民安里,F100000378,屎礐渡頭-混合廁所,新北市淡水區民安里中正路73號(旁邊的巷子內),新北市淡水區公所,25.17002800,121.43975600,特優級,商業營業場所,混合廁所,新北市淡水區公所經建課,1
65000,65000100,沙崙里,F100000501,漁人碼頭北邊停車場2-女廁,新北市淡水區沙崙里觀海路199號,新北市政府漁業及漁港事業管理處,25.18139500,121.41677700,特優級,交通,女廁所,新北市政府漁業及漁港事業管理處,1
10002,10002050,大義村,G050000058,礁溪協天廟-女廁,宜蘭縣礁溪鄉大義村中山路一段51號,協天廟管理委員會,24.81859918,121.76892042,特優級,宗教禮儀場所,女廁所,協天廟管理委員會,0
65000,65000090,秀川里,F090000007,三峽祖師廟-男廁,新北市三峽區秀川里長福街1號,三峽祖師廟,24.93380000,121.37036700,特優級,宗教禮儀場所,男廁所,三峽祖師廟,0
65000,65000090,有木里,F090000305,滿月圓森林遊樂區-男廁,新北市三峽區有木里有木174-1號,農業部林業及自然保育署,24.82214572,121.44907240,特優級,觀光地區及風景區,男廁所,農業部林業及自然保育署,0
65000,65000090,溪北里,F090000314,全國橫溪加油站-男廁,新北市三峽區溪北里介壽路3段114號,全國加油站股份有限公司(橫溪站),24.94144800,121.39776000,特優級,商業營業場所,男廁所,全國加油站股份有限公司橫溪加油站,0
65000,65000100,新義里,F100000099,肯德基淡水中山店2F-女廁,新北市淡水區新義里中山北路1段151號,富利餐飲股份有限公司,25.17747700,121.44311700,特優級,商業營業場所,女廁所,富利餐飲股份有限公司,0
65000,65000100,水源里,F100000145,淡水無極天元宮停車場-男廁,新北市淡水區水源里北新路3段36號,淡水天元宮管理委員會,25.18642784,121.48486376,特優級,交通,男廁所,天元宮董監事會,0
65000,65000100,竿蓁里,F100000260,百齡公園-女廁,新北市淡水區竿蓁里中正東路一段3巷1號,新北市政府淡水區公所,25.16498100,121.44993300,特優級,公園,女廁所,經建課,0
65000,65000100,幸福里,F100000264,中油淡水加油站-男廁,新北市淡水區幸福里中正東路1號,台灣中油股份有限公司,25.16890200,121.44541500,特優級,商業營業場所,男廁所,台灣中油股份有限公司,0
65000,65000100,沙崙里,F100000498,漁人碼頭北邊停車場3-男廁,新北市淡水區沙崙里觀海路199號,新北市政府漁業及漁港事業管理處,25.18139500,121.41677700,特優級,交通,男廁所,新北市政府漁業及漁港事業管理處,0
65000,65000100,沙崙里,F100000500,漁人碼頭北邊停車場1-女廁,新北市淡水區沙崙里觀海路199號,新北市政府漁業及漁港事業管理處,25.18139500,121.41677700,特優級,交通,女廁所,新北市政府漁業及漁港事業管理處,1
65000,65000100,沙崙里,F100000505,漁人碼頭南邊停車場木棧道2-男廁,新北市淡水區沙崙里觀海路199號,新北市政府漁業及漁港事業管理處,25.18139500,121.41677700,特優級,交通,男廁所,新北市政府漁業及漁港事業管理處,0
65000,65000100,沙崙里,F100000507,漁人碼頭南邊木棧道2-女廁,"新北市淡水區沙崙里觀海路199號 (情人橋對面)",新北市政府漁業及漁港事業管理處,25.18139500,121.41677700,特優級,觀光地區及風景區,女廁所,新北市政府漁業及漁港事業管理處,1
65000,65000110,復興里,F110000130,復興活動中心-男廁,新北市汐止區復興里復興路1-1號,新北市汐止區公所,25.06204000,121.66039300,特優級,社福機構、集會場所,男廁所,新北市汐止區公所民政課,0
65000,65000110,復興里,F110000133,智興立體停車場1F-男廁,新北市汐止區復興里忠孝東路1號,新北市政府交通局,25.06413100,121.65703200,特優級,交通,男廁所,正好停股份有限公司,1
65000,65000110,茄苳里,F110000135,中油淳寶加油站-男廁,新北市汐止區茄苳里新台五路二段236號,淳寶加油站有限公司,25.06677000,121.67022900,特優級,商業營業場所,男廁所,台灣中油股份有限公司淳寶加油站,0
65000,65000110,長安里,F110000146,五堵火車站2F-女廁,新北市汐止區長安里長安路17號,交通部鐵路管理局,25.07785700,121.66763000,特優級,交通,女廁所,國營臺灣鐵路股份有限公司臺北運務段五堵站,0
65000,65000100,沙崙里,F100000496,漁人碼頭北邊停車場1-男廁,新北市淡水區沙崙里觀海路199號,新北市政府漁業及漁港事業管理處,25.18139500,121.41677700,特優級,交通,男廁所,新北市政府漁業及漁港事業管理處,1
65000,65000020,六合里,F020001015,六合閱覽室2F-男廁,新北市三重區六合里自強路二段50巷22號,新北市三重區公所,25.06916200,121.48826100,特優級,文化育樂活動場所,男廁所,新北市三重區公所民政課,0
65000,65000110,禮門里,F110000022,禮門市民活動中心-女廁,新北市汐止區禮門里中正路287號,新北市汐止區公所,25.06814600,121.65667500,特優級,社福機構、集會場所,女廁所,新北市汐止區公所民政課,0
65000,65000110,智慧里,F110000024,台亞汐止大同加油站-女廁,新北市汐止區智慧里大同路二段37號,台亞石油股份有限公司,25.06313000,121.64785300,特優級,商業營業場所,女廁所,台亞石油股份有限公司汐止大同加油站,0
65000,65000110,復興里,F110000126,台亞新台五一加油站-男廁,新北市汐止區復興里新台五路一段115號,台亞石油股份有限公司,25.06168600,121.65130900,特優級,商業營業場所,男廁所,台亞石油股份有限公司汐止新台五一加油站,0
65000,65000110,復興里,F110000128,摩斯漢堡汐止台五店2F-男廁,新北市汐止區復興里新台五路一段115號,安心食品服務股份有限公司,25.06298000,121.65511900,特優級,商業營業場所,男廁所,安心食品服務股份有限公司汐止新台五店,0
65000,65000110,長安里,F110000168,汐止長安圖書館3F-混合廁所,新北市汐止區長安里長興街一段50號,新北市政府,25.07833000,121.66954900,特優級,文化育樂活動場所,混合廁所,新北市立圖書館汐止長安分館,0
65000,65000110,江北里,F110000200,中油伯爵加油站-無障礙廁所,新北市汐止區江北里汐萬路一段39號,勁安實業股份有限公司,25.06898400,121.65468600,特優級,商業營業場所,無障礙廁所,台灣中油股份有限公司伯爵加油站,0
65000,65000110,禮門里,F110000021,禮門市民活動中心-男廁,新北市汐止區禮門里中正路287號,新北市汐止區公所,25.06814600,121.65667500,特優級,社福機構、集會場所,男廁所,新北市汐止區公所民政課,0
65000,65000110,智慧里,F110000023,台亞汐止大同加油站-男廁,新北市汐止區智慧里大同路二段37號,台亞石油股份有限公司,25.06313000,121.64785300,特優級,商業營業場所,男廁所,台亞石油股份有限公司汐止大同加油站,0
65000,65000110,復興里,F110000127,台亞新台五一加油站-女廁,新北市汐止區復興里新台五路一段115號,台亞石油股份有限公司,25.06168600,121.65130900,特優級,商業營業場所,女廁所,台亞石油股份有限公司汐止新台五一加油站,0
65000,65000110,復興里,F110000129,摩斯漢堡汐止台五店2F-女廁,新北市汐止區復興里新台五路一段115號,安心食品服務股份有限公司,25.06298000,121.65511900,特優級,商業營業場所,女廁所,安心食品服務股份有限公司汐止新台五店,0
65000,65000110,長安里,F110000169,長安市民活動中心1F-混合廁所,新北市汐止區長安里長興街一段50號,新北市汐止區公所,25.07833000,121.66954900,特優級,社福機構、集會場所,混合廁所,新北市汐止區公所民政課,0
65000,65000110,保安里,F110000171,中油保長坑加油站-男廁,新北市汐止區保安里大同路三段186-1號,臺灣中油股份有限公司,25.07432100,121.67437700,特優級,商業營業場所,男廁所,台灣中油股份有限公司保長坑加油站,0
65000,65000110,江北里,F110000201,中油伯爵加油站-女廁,新北市汐止區江北里汐萬路一段39號,勁安實業股份有限公司,25.06898400,121.65468600,特優級,商業營業場所,女廁所,台灣中油股份有限公司伯爵加油站,0
65000,65000110,江北里,F110000204,汐止江北圖書館2F-女廁,新北市汐止區江北里汐萬路一段81號,新北市政府文化局,25.06919500,121.65491500,特優級,文化育樂活動場所,女廁所,新北市立圖書館汐止江北分館,0
65000,65000100,沙崙里,F100000504,漁人碼頭南邊木棧道1-男廁,新北市淡水區沙崙里觀海路199號,新北市政府漁業及漁港事業管理處,25.18139500,121.41677700,特優級,交通,男廁所,新北市政府漁業及漁港事業管理處,0
65000,65000110,城中里,F110000576,國泰綜合醫院汐止分院1F-男廁,新北市汐止區城中里建成路59巷2號,國泰醫療財團法人國泰綜合醫院,25.07293700,121.66135300,特優級,社福機構、集會場所,男廁所,國泰醫療財團法人國泰綜合醫院汐止分院,0
65000,65000110,城中里,F110000577,國泰綜合醫院汐止分院1F-女廁,新北市汐止區城中里建成路59巷2號,國泰醫療財團法人國泰綜合醫院,25.07293700,121.66135300,特優級,社福機構、集會場所,女廁所,國泰醫療財團法人國泰綜合醫院汐止分院,0
65000,65000110,茄苳里,F110000138,汐止茄苳圖書館2F-男廁,新北市汐止區茄苳里茄苳路225巷35號,新北市政府文化局,25.06921000,121.67217800,特優級,文化育樂活動場所,男廁所,新北市立圖書館汐止茄苳分館,0
65000,65000110,茄苳里,F110000139,汐止茄苳圖書館2F-女廁,新北市汐止區茄苳里茄苳路225巷35號,新北市政府文化局,25.06921000,121.67217800,特優級,文化育樂活動場所,女廁所,新北市立圖書館汐止茄苳分館,0
65000,65000110,保長里,F110000193,中油平安加油站-混合廁所,新北市汐止區保長里大同路三段575號,東光實業股份有限公司,25.07289300,121.68305300,特優級,商業營業場所,混合廁所,台灣中油股份有限公司平安加油站,0
65000,65000110,樟樹里,F110000237,中油汐止加油站-男廁,新北市汐止區樟樹里大同路一段353號,臺灣中油股份有限公司,25.06004000,121.63954100,特優級,商業營業場所,男廁所,台灣中油股份有限公司汐止加油站,0
65000,65000110,樟樹里,F110000238,中油汐止加油站-女廁,新北市汐止區樟樹里大同路一段353號,臺灣中油股份有限公司,25.06004000,121.63954100,特優級,商業營業場所,女廁所,台灣中油股份有限公司汐止加油站,0
65000,65000100,沙崙里,F100000502,漁人碼頭北邊停車場3-女廁,新北市淡水區沙崙里觀海路199號,新北市政府漁業及漁港事業管理處,25.18139500,121.41677700,特優級,交通,女廁所,新北市政府漁業及漁港事業管理處,1
65000,65000100,沙崙里,F100000503,漁人碼頭北邊停車場4-女廁,新北市淡水區沙崙里觀海路199號,新北市政府漁業及漁港事業管理處,25.18139500,121.41677700,特優級,交通,女廁所,新北市政府漁業及漁港事業管理處,1
65000,65000110,秀峰里,F110000110,汐止綜合運動場南側-男廁,新北市汐止區秀峰里忠孝東路9號,新北市政府體育局,25.06523000,121.65852000,特優級,文化育樂活動場所,男廁所,新北市汐止區公所經建課,0
65000,65000110,秀峰里,F110000111,汐止綜合運動場南側-女廁,新北市汐止區秀峰里忠孝東路9號,新北市政府體育局,25.06523000,121.65852000,特優級,文化育樂活動場所,女廁所,新北市汐止區公所經建課,0
65000,65000110,茄苳里,F110000136,中油淳寶加油站-女廁,新北市汐止區茄苳里新台五路二段236號,淳寶加油站有限公司,25.06677000,121.67022900,特優級,商業營業場所,女廁所,台灣中油股份有限公司淳寶加油站,0
65000,65000110,茄苳里,F110000142,茄苳市民活動中心1F-混合廁所,新北市汐止區茄苳里茄苳路225巷35號,新北市汐止區公所,25.06921000,121.67217800,特優級,社福機構、集會場所,混合廁所,新北市汐止區公所民政課,0
65000,65000110,保安里,F110000191,保安市民活動中心-男廁,新北市汐止區保安里大同路三段340巷6號-1,新北市汐止區公所,25.07144500,121.67665200,特優級,社福機構、集會場所,男廁所,新北市汐止區公所民政課,0
65000,65000110,保安里,F110000192,保安市民活動中心-女廁,新北市汐止區保安里大同路三段340巷6號-1,新北市汐止區公所,25.07144500,121.67665200,特優級,社福機構、集會場所,女廁所,新北市汐止區公所民政課,0
65000,65000100,新生里,F100000395,新北市立圖書館淡水分館5F-男廁,新北市淡水區新生里文化路65號,新北市政府文化局,25.17283351,121.43787012,特優級,文化育樂活動場所,男廁所,新北市立圖書館淡水分館,0
65000,65000100,沙崙里,F100000499,漁人碼頭北邊停車場4-男廁,新北市淡水區沙崙里觀海路199號,新北市政府漁業及漁港事業管理處,25.18139500,121.41677700,特優級,交通,男廁所,新北市政府漁業及漁港事業管理處,0
65000,65000100,沙崙里,F100000506,漁人碼頭南邊木棧道1-女廁,新北市淡水區沙崙里觀海路199號(情人橋對面),新北市政府漁業及漁港事業管理處,25.18139500,121.41677700,特優級,觀光地區及風景區,女廁所,新北市政府漁業及漁港事業管理處,0
65000,65000120,頌德里,F120000177,九份遊客中心-無障礙廁所,新北市瑞芳區頌德里汽車路89號,新北市政府觀光旅遊局,25.10975000,121.84347000,特優級,觀光地區及風景區,無障礙廁所,新北市政府觀光旅遊局九份遊客中心,1
65000,65000110,復興里,F110000131,復興市民活動中心-女廁,新北市汐止區復興里復興路1-1號,新北市汐止區公所,25.06492100,121.65581300,特優級,社福機構、集會場所,女廁所,新北市汐止區公所民政課,0
65000,65000110,長安里,F110000167,汐止長安圖書館4F-混合廁所,新北市汐止區長安里長興街一段50號,新北市政府,25.07833000,121.66954900,特優級,文化育樂活動場所,混合廁所,新北市立圖書館汐止長安分館,0
65000,65000110,保長里,F110000195,保長市民活動中心-男廁,新北市汐止區保長里保長路51巷11號,新北市汐止區公所,25.07908600,121.67385100,特優級,社福機構、集會場所,男廁所,新北市汐止區公所,0
65000,65000110,拱北里,F110000221,拱北殿停車場-女廁,新北市汐止區拱北里汐萬路三段88號,財團法人新北市拱北殿,25.09437400,121.64189000,特優級,交通,女廁所,財團法人新北市拱北殿,0
65000,65000100,沙崙里,F100000497,漁人碼頭北邊停車場2-男廁,新北市淡水區沙崙里觀海路199號,新北市政府漁業及漁港事業管理處,25.18139500,121.41677700,特優級,交通,男廁所,新北市政府漁業及漁港事業管理處,0
65000,65000100,竹圍里,F100000176,竹圍里土地公廟-女廁,新北市淡水區竹圍里民族路17巷2號,竹圍里福德宮管委會,25.13695300,121.46353100,優等級,宗教禮儀場所,女廁所,竹圍里福德宮管委會,0
65000,65000110,信望里,F110000068,汐止火車站2F北側-女廁,新北市汐止區信望里信義路1號,交通部鐵路管理局,25.06831600,121.66173460,特優級,交通,女廁所,國營臺灣鐵路股份有限公司臺北運務段汐止站,0
65000,65000110,復興里,F110000134,智興立體停車場1F-女廁,新北市汐止區復興里忠孝東路1號,新北市政府交通局,25.06413100,121.65703200,特優級,交通,女廁所,正好停股份有限公司,1
65000,65000110,長安里,F110000145,五堵火車站2F-男廁,新北市汐止區長安里長安路17號,交通部鐵路管理局,25.07785700,121.66763000,特優級,交通,男廁所,國營臺灣鐵路股份有限公司臺北運務段五堵站,0
65000,65000110,保安里,F110000172,中油保長坑加油站-女廁,新北市汐止區保安里大同路三段186-1號,臺灣中油股份有限公司,25.07432100,121.67437700,特優級,商業營業場所,女廁所,台灣中油股份有限公司保長坑加油站,0
65000,65000110,鄉長里,F110000198,鄉長活動中心-混合廁所,新北市汐止區鄉長里鄉友街10號,新北市汐止區公所,25.08075900,121.66833700,特優級,社福機構、集會場所,混合廁所,汐止區公所,0
65000,65000110,橫科里,F110000323,中油四海加油站-男廁,新北市汐止區橫科里大同路一段1號,四海加油站有限公司,25.05534600,121.62105600,特優級,商業營業場所,男廁所,台灣中油股份有限公司四海加油站,0
65000,65000110,江北里,F110000203,汐止江北圖書館2F-男廁,新北市汐止區江北里汐萬路一段81號,新北市政府文化局,25.06919500,121.65491500,特優級,文化育樂活動場所,男廁所,新北市立圖書館汐止江北分館,0
65000,65000110,樟樹里,F110000261,樟樹活動中心-混合廁,新北市汐止區樟樹里大同路一段339-2號,新北市汐止區公所民政課,25.05980000,121.63868000,特優級,社福機構、集會場所,混合廁所,新北市汐止區公所民政課,0
65000,65000110,北山里,F110000311,全國東湖加油站-女廁,新北市汐止區北山里康寧街5號,全國加油站股份有限公司,25.06749600,121.61797500,特優級,商業營業場所,女廁所,全國加油站股份有限公司東湖加油站,0
65000,65000110,厚德里,F110000383,厚德山光市民活動中心2F-女廁,新北市汐止區厚德里樟樹一路137巷30號,新北市汐止區公所,25.06595900,121.64130000,特優級,社福機構、集會場所,女廁所,新北市汐止區公所,0
65000,65000110,文化里,F110000426,文化市民活動中心1F-男廁,新北市汐止區文化里南興路83巷17號,新北市汐止區公所,25.05903000,121.65373500,特優級,社福機構、集會場所,男廁所,新北市汐止區公所民政課,0
65000,65000110,金龍里,F110000432,金龍市民活動中心-混合廁所,新北市汐止區金龍里湖前街31巷2弄2號,新北市汐止區公所,25.06937500,121.63185400,特優級,社福機構、集會場所,混合廁所,新北市汐止區公所民政課,0
65000,65000110,興福里,F110000440,興福市民活動中心-混合廁所,新北市汐止區興福里福德一路141巷52號,新北市汐止區公所,25.06663000,121.63733600,特優級,社福機構、集會場所,混合廁所,新北市汐止區公所民政課,0
65000,65000110,秀山里,F110000534,秀峰市民活動中心2F-女廁,新北市汐止區秀山里勤進路1號,新北市汐止區公所,25.06216900,121.66032300,特優級,社福機構、集會場所,女廁所,新北市汐止區公所民政課,0
65000,65000110,湖光里,F110000374,湖光市民活動中心1F-混合廁所,新北市汐止區湖光里康寧街520-1號,新北市汐止區公所,25.07084700,121.63594700,特優級,社福機構、集會場所,混合廁所,新北市汐止區公所民政課,0
65000,65000110,文化里,F110000415,北基汐科加油站-男廁,新北市汐止區文化里新台五路一段132號,北基國際股份有限公司,25.06179600,121.65293800,特優級,商業營業場所,男廁所,台灣中油股份有限公司北基汐科加油站,0
65000,65000110,東勢里,F110000454,宜興東勢市民活動中心-女廁,新北市汐止區東勢里東勢街15-1號,新北市汐止區公所,25.04075700,121.62974500,特優級,社福機構、集會場所,女廁所,新北市汐止區公所民政課,0
65000,65000110,秀山里,F110000531,福安市民活動中心3F-男廁,新北市汐止區秀山里勤進路1號,新北市汐止區公所,25.06216900,121.66032300,特優級,社福機構、集會場所,男廁所,新北市汐止區公所民政課,0
65000,65000120,龍潭里,F120000002,瑞芳火車站-女廁,新北市瑞芳區龍潭里明燈路三段82號,國營臺灣鐵路股份有限公司瑞芳火車站,25.10875190,121.80608080,特優級,交通,女廁所,國營臺灣鐵路股份有限公司臺北運務段,0
65000,65000120,龍興里,F120000010,瑞芳市場西側-女廁,新北市瑞芳區龍興里明燈路三段6號,新北市政府市場處,25.10761000,121.80894000,特優級,商業營業場所,女廁所,瑞芳第一市場自治管理委員會,0
65000,65000120,傑魚里,F120000108,中油瑞泉加油站-女廁,新北市瑞芳區傑魚里傑魚坑路1號,台灣中油股份有限公司瑞泉站(加盟),25.11039000,121.79483000,特優級,商業營業場所,女廁所,台灣中油股份有限公司瑞泉站(加盟),0
65000,65000120,光復里,F120000137,猴硐火車站-女廁,新北市瑞芳區光復里柴寮路70號,國營臺灣鐵路股份有限,25.08681000,121.82753000,特優級,交通,女廁所,國營臺灣鐵路股份有限公司猴硐火車站,0
65000,65000110,北山里,F110000313,中油汐止東湖加盟站-女廁,新北市汐止區北山里康寧街6號,中油東湖加油站股份有限公司,25.06732200,121.61773800,特優級,商業營業場所,女廁所,台灣中油股份有限公司東湖加油站,0
65000,65000110,湖光里,F110000372,中油明湖加油站-無障礙廁所,新北市汐止區湖光里康寧街536號,勁昌實業有限公司,25.06908000,121.63447700,特優級,商業營業場所,無障礙廁所,台灣中油股份有限公司明湖加油站,0
65000,65000110,自強里,F110000388,麥當勞汐止新台五店2F-女廁,新北市汐止區自強里新台五路一段162號,和德昌股份有限公司,25.06255800,121.65460400,特優級,商業營業場所,女廁所,和德昌股份有限公司汐止南昌分公司,0
65000,65000110,興福里,F110000441,興福市民活動中心-無障礙廁所,新北市汐止區興福里福德一路141巷52號,新北市汐止區公所,25.06663000,121.63733600,特優級,社福機構、集會場所,無障礙廁所,新北市汐止區公所民政課,0
65000,65000110,秀山里,F110000533,秀峰市民活動中心2F-男廁,新北市汐止區秀山里勤進路1號,新北市汐止區公所,25.06216900,121.66032300,特優級,社福機構、集會場所,男廁所,新北市汐止區公所民政課,0
65000,65000120,龍興里,F120000008,瑞芳市場東側-女廁,新北市瑞芳區龍興里明燈路三段6號,新北市政府市場處,25.10762000,121.80887000,特優級,商業營業場所,女廁所,瑞芳第一市場自治管理委員會,0
65000,65000120,吉慶里,F120000094,四腳亭火車站-男廁,新北市瑞芳區吉慶里中央路62號,國營臺灣鐵路股份有限公司,25.10279000,121.76192000,特優級,交通,男廁所,國營臺灣鐵路股份有限公司四腳亭火車站,0
65000,65000120,基山里,F120000149,九份舊道-女廁,新北市瑞芳區基山里九份舊道,新北市政府觀光旅遊局,25.11006000,121.84512000,特優級,商業營業場所,女廁所,新北市政府觀光旅遊局,0
65000,65000110,白雲里,F110000319,白雲市民活動中心-混合廁所,新北市汐止區白雲里水源路二段112號、114號,新北市汐止區公所,25.05553100,121.65678200,特優級,社福機構、集會場所,混合廁所,新北市汐止區公所民政課,0
65000,65000110,中興里,F110000355,麥當勞汐止中興店2F-女廁,新北市汐止區中興里中興路168-10號,和德昌股份有限公司,25.06564300,121.63184300,特優級,商業營業場所,女廁所,和德昌股份有限公司汐止中興分公司,0
65000,65000110,中興里,F110000370,中興市民活動中心1F-混合廁所,新北市汐止區中興里福德一路272巷5號,新北市汐止區公所,25.06398900,121.63170800,特優級,社福機構、集會場所,混合廁所,新北市汐止區公所民政課,0
65000,65000120,崇文里,F120000162,九份市場-男廁,新北市瑞芳區崇文里九份市場,新北市政府觀光旅遊局,25.10843000,121.84385000,特優級,商業營業場所,男廁所,新北市政府觀光旅遊局,0
65000,65000120,崇文里,F120000163,九份市場-女廁,新北市瑞芳區崇文里九份市場,新北市政府觀光旅遊局,25.10843000,121.84385000,特優級,商業營業場所,女廁所,新北市政府觀光旅遊局,0
65000,65000130,員仁里,F130000079,中油土城加油站1F-男廁,新北市土城區員仁里中央路2段280號,台灣中油股份有限公司,24.97408300,121.44072800,特優級,商業營業場所,男廁所,中油土城加油站,0
65000,65000130,大安里,F130000235,捷運永寧站1號出口B2-男廁,新北市土城區大安里中央路3段105號,臺北大眾捷運股份有限公司,24.96661600,121.43619200,特優級,交通,男廁所,臺北大眾捷運股份有限公司,0
65000,65000010,崑崙里,F010002151,台亞石油浮洲橋站-女廁,新北市板橋區崑崙里篤行路一段33號,台亞石油股份有限公司,24.99388100,121.43181800,特優級,商業營業場所,女廁所,台亞石油股份有限公司板橋浮洲橋站,0
65000,65000110,北山里,F110000310,全國東湖加油站-男廁,新北市汐止區北山里康寧街5號,全國加油站股份有限公司,25.06749600,121.61797500,特優級,商業營業場所,男廁所,全國加油站股份有限公司東湖加油站,0
65000,65000110,仁德里,F110000376,仁德市民活動中心-混合廁所,新北市汐止區仁德里和平街6巷1弄1號,新北市汐止區公所,25.07118700,121.66328900,特優級,社福機構、集會場所,混合廁所,新北市汐止區公所民政課,0
65000,65000110,厚德里,F110000382,厚德山光市民活動中心2F-男廁,新北市汐止區厚德里樟樹一路137巷29號,新北市汐止區公所,25.06595900,121.64130000,特優級,社福機構、集會場所,男廁所,新北市汐止區公所民政課,0
65000,65000110,文化里,F110000427,文化市民活動中心1F-女廁,新北市汐止區文化里南興路83巷18號,新北市汐止區公所,25.05903000,121.65373500,特優級,社福機構、集會場所,女廁所,新北市汐止區公所民政課,0
65000,65000110,秀山里,F110000535,秀山市民活動中心1F-男廁,新北市汐止區秀山里勤進路1號,新北市汐止區公所,25.06216900,121.66032300,特優級,社福機構、集會場所,男廁所,新北市汐止區公所民政課,0
65000,65000120,龍潭里,F120000001,瑞芳火車站-男廁,新北市瑞芳區龍潭里明燈路三段82號,國營臺灣鐵路股份有限公司瑞芳火車站,25.10875190,121.80608080,特優級,交通,男廁所,國營臺灣鐵路股份有限公司臺北運務段,0
65000,65000120,瑞濱里,F120000233,中油林長加油站-男廁,新北市瑞芳區瑞濱里瑞濱路32-6號,林長企業股份有限公司,25.12108630,121.82395970,特優級,商業營業場所,男廁所,台灣中油股份有限公司林長站,0
65000,65000120,鼻頭里,F120000247,鼻頭休息站-男廁,新北市瑞芳區鼻頭里鼻頭路245-1號,交通部觀光署東北角及宜蘭海岸國家風景區管理處,25.12403780,121.82054000,特優級,觀光地區及風景區,男廁所,交通部觀光署東北角及宜蘭海岸國家風景區管理處,0
65000,65000110,拱北里,F110000220,拱北殿停車場-男廁,新北市汐止區拱北里汐萬路三段88號,財團法人新北市拱北殿,25.09437400,121.64189000,特優級,交通,男廁所,財團法人新北市拱北殿,0
65000,65000110,中興里,F110000354,麥當勞汐止中興店2F-男廁,新北市汐止區中興里中興路168-10號,和德昌股份有限公司,25.06564300,121.63184300,特優級,商業營業場所,男廁所,和德昌股份有限公司汐止中興分公司,0
65000,65000110,湖光里,F110000373,中油明湖加油站-女廁,新北市汐止區湖光里康寧街536號,勁昌實業有限公司,25.06916100,121.63479200,特優級,商業營業場所,女廁所,台灣中油股份有限公司明湖加油站,0
65000,65000110,湖光里,F110000375,湖光市民活動中心2F-女廁,新北市汐止區湖光里康寧街520-1號,新北市汐止區公所,25.07084700,121.63594700,特優級,社福機構、集會場所,女廁所,新北市汐止區公所民政課,0
65000,65000110,東勢里,F110000453,宜興東勢市民活動中心-男廁,新北市汐止區東勢里東勢街15-1號,新北市汐止區公所,25.04075700,121.62974500,特優級,社福機構、集會場所,男廁所,新北市汐止區公所民政課,0
65000,65000110,大同里,F110000460,汐科火車站北站-男廁,新北市汐止區大同里大同路二段182號,交通部鐵路管理局,25.06374500,121.65185200,特優級,交通,男廁所,國營臺灣鐵路股份有限公司臺北運務段汐科站,0
65000,65000110,秀山里,F110000532,福安市民活動中心3F-女廁,新北市汐止區秀山里勤進路1號,新北市汐止區公所,25.06216900,121.66032300,特優級,社福機構、集會場所,女廁所,新北市汐止區公所民政課,0
65000,65000120,光復里,F120000136,猴硐火車站-男廁,新北市瑞芳區光復里柴寮路70號,國營臺灣鐵路股份有限公司,25.08681000,121.82753000,特優級,交通,男廁所,國營臺灣鐵路股份有限公司猴硐火車站,0
65000,65000110,樟樹里,F110000243,好市多汐止店-男廁,新北市汐止區樟樹里大同路一段158號,好市多股份有限公司,25.05668700,121.63332900,特優級,商業營業場所,男廁所,好市多股份有限公司,0
65000,65000110,樟樹里,F110000244,好市多汐止店-女廁,新北市汐止區樟樹里大同路一段158號,好市多股份有限公司,25.05668700,121.63332900,特優級,商業營業場所,女廁所,好市多股份有限公司,0
65000,65000110,白雲里,F110000318,康誥坑公園-女廁,新北市汐止區白雲里水源路二段88巷處,新北市汐止區公所,25.05586100,121.65637400,特優級,公園,女廁所,新北市汐止區公所,0
65000,65000110,中興里,F110000368,汐止北峰圖書館2F-混合廁所,新北市汐止區中興里福德一路272巷5號,新北市政府文化局,25.06453500,121.63169800,特優級,文化育樂活動場所,混合廁所,新北市立圖書館汐止北峰圖書閱覽室,0
65000,65000110,自強里,F110000409,自強市民活動中心1F-混合廁所,新北市汐止區自強里新興路54號,新北市汐止區公所,25.06286900,121.65724300,特優級,社福機構、集會場所,混合廁所,新北市汐止區公所民政課,0
65000,65000110,自強里,F110000410,自強市民活動中心1F-無障礙廁所,新北市汐止區自強里新興路54號,新北市汐止區公所,25.06286900,121.65724300,特優級,社福機構、集會場所,無障礙廁所,新北市汐止區公所民政課,0
65000,65000110,大同里,F110000461,汐科火車站北站-女廁,新北市汐止區大同里大同路二段182號,交通部鐵路管理局,25.06374500,121.65185200,特優級,交通,女廁所,國營臺灣鐵路股份有限公司臺北運務段汐科站,0
65000,65000110,大同里,F110000470,大同活動中心-混合廁所,新北市汐止區大同里大同路二段312巷16弄35號,新北市汐止區公所,25.06528900,121.65495800,特優級,社福機構、集會場所,混合廁所,新北市汐止區公所民政課,0
65000,65000110,秀山里,F110000536,秀山市民活動中心1F-女廁,新北市汐止區秀山里勤進路1號,新北市汐止區公所,25.06216900,121.66032300,特優級,社福機構、集會場所,女廁所,新北市汐止區公所民政課,0
65000,65000120,海濱里,F120000229,中油海濱加油站-女廁,新北市瑞芳區海濱里海濱路157-2號,經濟部,25.12133500,121.82891900,特優級,商業營業場所,女廁所,台灣中油股份有限公司海濱站,0
65000,65000120,瑞濱里,F120000234,中油林長加油站-女廁,新北市瑞芳區瑞濱里瑞濱路32-6號,林長企業股份有限公司,25.12108630,121.82395970,特優級,商業營業場所,女廁所,台灣中油股份有限公司林長站,0
10014,10014010,文化里,V010000178,臺東市戶政事務所1F性別友善廁所,臺東縣臺東市文化里信義路291號,臺東縣臺東戶政事務所,22.75425000,121.14711110,特優級,民眾洽公場所,性別友善廁所,臺東縣臺東戶政事務所,0
65000,65000010,華德里,F010001895,華德公園活動中心-男廁,新北市板橋區華德里四川路二段245巷125號,新北市板橋區公所,24.99259800,121.45346200,特優級,社福機構、集會場所,男廁所,新北市板橋區公所經建課,0
65000,65000010,華東里,F010001899,華東公園-男廁,新北市板橋區華東里板城路28之1號旁,新北市板橋區公所,24.99666000,121.45041100,特優級,公園,男廁所,新北市板橋區公所經建課,0
65000,65000010,富貴里,F010002385,"萬家福板橋店 男廁",新北市板橋區富貴里三民路2段31號,康達盛通生活事業股份有限公司台北板橋分公司,25.01781000,121.47941200,特優級,商業營業場所,男廁所,康達盛通生活事業股份有限公司台北板橋分公司,0
65000,65000010,堂春里,F010002466,溪北公園(溪北路)-男廁,新北市板橋區堂春里篤行路二段133號,新北市板橋區公所,24.99044900,121.43124800,特優級,公園,男廁所,新北市板橋區公所經建課,0
65000,65000100,鄧公里,F100000277,淡水鄞山寺-女廁,新北市淡水區鄧公里鄧公路15號,淡水鄞山寺管委會,25.16887300,121.44824400,優等級,宗教禮儀場所,女廁所,淡水鄞山寺管委會,0
65000,65000100,民安里,F100000385,淡水福佑宮-男廁,新北市淡水區民安里中正路200號,淡水福佑宮,25.17006000,121.43990000,優等級,宗教禮儀場所,男廁所,淡水福佑宮,0
65000,65000110,信望里,F110000067,汐止火車站2F北側-男廁,新北市汐止區信望里信義路1號,交通部鐵路管理局,25.06831600,121.66173460,特優級,交通,男廁所,國營臺灣鐵路股份有限公司臺北運務段汐止站,0
65000,65000120,頌德里,F120000176,九份遊客中心-女廁,新北市瑞芳區頌德里汽車路89號,新北市政府觀光旅遊局,25.10975000,121.84347000,特優級,觀光地區及風景區,女廁所,新北市政府觀光旅遊局九份遊客中心,0
65000,65000110,保長里,F110000194,中油平安加油站-無障礙廁所,新北市汐止區保長里大同路三段575號,東光實業股份有限公司,25.07289300,121.68305300,特優級,商業營業場所,無障礙廁所,台灣中油股份有限公司平安加油站,0
65000,65000110,北山里,F110000312,中油汐止東湖加盟站-男廁,新北市汐止區北山里康寧街6號,中油東湖加油站股份有限公司,25.06732200,121.61773800,特優級,商業營業場所,男廁所,台灣中油股份有限公司東湖加油站,0
10007,10007210,打簾村,N210000064,菁芳園-男廁,彰化縣田尾鄉打簾村張厝巷73號,菁芳園,23.90646200,120.53418000,特優級,商業營業場所,男廁所,菁芳園,0
65000,65000110,白雲里,F110000317,康誥坑公園-男廁,新北市汐止區白雲里水源路二段88巷處,新北市汐止區公所,25.05623496,121.65458322,特優級,公園,男廁所,新北市汐止區公所,0
65000,65000110,忠孝里,F110000385,忠孝市民活動中心1F-混合廁所,新北市汐止區忠孝里工建路60號,新北市汐止區公所,25.06309200,121.64101100,特優級,社福機構、集會場所,混合廁所,新北市汐止區公所民政課,0
65000,65000110,自強里,F110000387,麥當勞汐止新台五店2F-男廁,新北市汐止區自強里新台五路一段162號,和德昌股份有限公司,25.06255800,121.65460400,特優級,商業營業場所,男廁所,和德昌股份有限公司汐止南昌分公司,0
65000,65000110,文化里,F110000416,北基汐科加油站-女廁,新北市汐止區文化里新台五路一段132號,北基國際股份有限公司,25.06179600,121.65293800,特優級,商業營業場所,女廁所,台灣中油股份有限公司北基汐科加油站,0
65000,65000120,龍興里,F120000007,瑞芳市場東側-男廁,新北市瑞芳區龍興里明燈路三段6號,新北市政府市場處,25.10762000,121.80887000,特優級,商業營業場所,男廁所,瑞芳第一市場自治管理委員會,0
65000,65000120,龍興里,F120000009,瑞芳市場西側-男廁,新北市瑞芳區龍興里明燈路三段6號,新北市政府市場處,25.10761000,121.80894000,特優級,商業營業場所,男廁所,瑞芳第一市場自治管理委員會,0
65000,65000120,傑魚里,F120000107,中油瑞泉加油站-男廁,新北市瑞芳區傑魚里傑魚坑路1號,台灣中油瑞泉站(加盟),25.11039000,121.79483000,特優級,商業營業場所,男廁所,台灣中油股份有限公司瑞泉站(加盟),0
65000,65000130,土城里,F130000062,土城五穀先帝廟1F-男廁,新北市土城區土城里和平路11號,五穀先帝廟管理委員會,24.97396500,121.44329800,特優級,宗教禮儀場所,男廁所,五穀先帝廟管理委員會,0
65000,65000130,永寧里,F130000255,大全聯土城店1F-男廁,新北市土城區永寧里永安街25號,全聯實業股份有限公司,24.96413000,121.43403400,特優級,商業營業場所,男廁所,全聯實業股份有限公司土城分公司,1
65000,65000010,華德里,F010001852,華德公園-男廁,新北市板橋區華德里四川路二段245巷125號,新北市板橋區公所,24.99259800,121.45346200,特優級,公園,男廁所,新北市板橋區公所經建課,0
65000,65000010,華東里,F010001905,捷運亞東醫院站-男廁,新北市板橋區華東里南雅南路2段17號,臺北大眾捷運股份有限公司,24.99777900,121.45242700,特優級,交通,男廁所,臺北大眾捷運股份有限公司,1
65000,65000010,富貴里,F010002386,"萬家福板橋店 女廁",新北市板橋區富貴里三民路2段31號,康達盛通生活事業股份有限公司台北板橋分公司,25.01781000,121.47941200,特優級,商業營業場所,女廁所,康達盛通生活事業股份有限公司台北板橋分公司,0
65000,65000010,堂春里,F010002472,板橋溪北圖書館2F-男廁,新北市板橋區堂春里篤行路二段133號,新北市政府文化局,24.99044900,121.43124800,特優級,文化育樂活動場所,男廁所,新北市立圖書館板橋溪北圖書館,0
65000,65000050,福基里,F050000044,台亞新莊化成加油站-女廁,新北市新莊區福基里新北大道2段167號,台亞石油股份有限公司,25.06101400,121.46481700,特優級,商業營業場所,女廁所,台亞石油股份有限公司新莊化成加油站,0
65000,65000050,福興里,F050000046,中油大全加油站-無障礙廁所,新北市新莊區福興里五權三路2號,大全加油站有限公司,25.06167126,121.45115644,優等級,商業營業場所,無障礙廁所,台灣中油股份有限公司大全加油站,0
65000,65000050,八德里,F050000096,麥當勞新莊民安店1F-女廁,新北市新莊區八德里民安路188巷5號,台灣麥當勞餐廳股份有限公司,25.02323700,121.42480600,特優級,商業營業場所,女廁所,麥當勞新莊民安店,0
65000,65000050,八德里,F050000098,鴻金寶麻吉影城4F-女廁,新北市新莊區八德里民安路188巷5號,萬念福開發有限公司(鴻金寶影城),25.02323700,121.42480600,特優級,商業營業場所,女廁所,鴻金寶麻吉影城,0
65000,65000050,榮和里,F050000180,新莊第一公有零售市場1F-男廁,新北市新莊區榮和里新莊路313巷,新北市政府市場處,25.03413700,121.45321900,優等級,商業營業場所,男廁所,新莊第一公有零售市場,0
65000,65000010,崑崙里,F010002153,崑崙公園-男廁,新北市板橋區崑崙里大觀路三段240號,新北市板橋區公所,24.99238700,121.43097200,特優級,公園,男廁所,新北市板橋區公所養護工程課,0
65000,65000020,中興里,F020000158,山隆加油站-男廁,新北市三重區中興里重新路5段628號,山隆通運股份有限公司,25.04438700,121.46835700,特優級,商業營業場所,男廁所,山隆加油站,0
65000,65000050,福基里,F050000037,中油五工加油站-男廁,新北市新莊區福基里五工路60號,五工有限公司,25.06300800,121.45879300,特優級,商業營業場所,男廁所,台灣中油股份有限公司中油五工加油站,0
65000,65000050,恆安里,F050000075,新莊公園-男廁,新北市新莊區恆安里中正路82號,新北市新莊區公所,25.03777200,121.45784900,特優級,公園,男廁所,新北市新莊區公所經建課,0
65000,65000050,中和里,F050000144,肯德基新莊中港店2F-女廁,新北市新莊區中和里中港路311號,台灣百勝肯德基股份有限公司,25.04466800,121.45260300,特優級,商業營業場所,女廁所,肯德基新莊中港店,0
65000,65000050,中和里,F050000145,摩斯漢堡新莊中港店2F-混合廁所,新北市新莊區中和里中港路319號,安心食品服務股份有限公司,25.04482300,121.45250600,特優級,商業營業場所,混合廁所,摩斯漢堡新莊中港店,0
65000,65000050,立德里,F050000349,新莊體育館1F西邊-男廁,新北市新莊區立德里和興街66號,新北市政府體育局,25.04050000,121.45198900,特優級,文化育樂活動場所,男廁所,新莊體育館,0
65000,65000050,信義里,F050000412,福壽市民活動中心1F-女廁,新北市新莊區信義里昌明街1號,新北市新莊區公所,25.05221300,121.45763300,特優級,社福機構、集會場所,女廁所,新北市新莊區公所民政課,0
65000,65000120,銅山里,F120000197,黃金博物館本山五坑-男廁,新北市瑞芳區銅山里金光路8號,新北市政府文化局,25.10678000,121.85883000,特優級,文化育樂活動場所,男廁所,新北市立黃金博物館,0
65000,65000130,員林里,F130000074,麥當勞土城中央店2F-混合廁所,新北市土城區員林里中央路2段159號,麥當勞土城中央店,24.97619500,121.44215900,特優級,商業營業場所,混合廁所,麥當勞土城中央店,0
65000,65000120,鼻頭里,F120000248,鼻頭休息站-女廁,新北市瑞芳區鼻頭里鼻頭路245-1號,交通部觀光署東北角及宜蘭海岸國家風景區管理處,25.12403780,121.82054000,特優級,觀光地區及風景區,女廁所,交通部觀光署東北角及宜蘭海岸國家風景區管理處,0
65000,65000010,華興里,F010001799,南雅公園活動中心-男廁,新北市板橋區華興里南雅雅南路2段1-1號,新北市板橋區公所,25.00293000,121.45467200,特優級,社福機構、集會場所,男廁所,新北市板橋區公所,0
65000,65000010,信義里,F010001931,信義公園活動中心-男廁,新北市板橋區信義里信義路150巷43之1號,新北市板橋區公所,24.99160000,121.45730000,特優級,社福機構、集會場所,男廁所,新北市板橋區公所經建課,0
65000,65000010,文化里,F010002266,麥當勞板橋文化店2F-男廁,新北市板橋區文化里文化路二段173號,台灣麥當勞餐廳股份有限公司,25.02748400,121.47035000,特優級,商業營業場所,男廁所,和德昌股份有限公司板橋文化店,0
65000,65000040,秀得里,F040000602,麥當勞永和得和店2F-男廁,新北市永和區秀得里得和路405號,和德昌股份有限公司,24.99933100,121.52563300,特優級,商業營業場所,男廁所,和德昌股份有限公司永和得和分公司,0
65000,65000050,八德里,F050000095,麥當勞新莊民安店1F-男廁,新北市新莊區八德里民安路188巷5號,台灣麥當勞餐廳股份有限公司,25.02323700,121.42480600,特優級,商業營業場所,男廁所,麥當勞新莊民安店,0
65000,65000050,興漢里,F050000120,新莊區公所1F-性別友善廁所,新北市新莊區興漢里中正路176號,新北市新莊區公所,25.03583400,121.45055800,特優級,民眾洽公場所,性別友善廁所,新北市新莊區公所,0
65000,65000120,基山里,F120000148,九份舊道-男廁,新北市瑞芳區基山里九份舊道,新北市政府觀光旅遊局,25.11006000,121.84512000,特優級,商業營業場所,男廁所,新北市政府觀光旅遊局,0
65000,65000120,銅山里,F120000196,黃金博物館環境館-女廁,新北市瑞芳區銅山里金光路8號,新北市政府文化局,25.10827000,121.85674000,特優級,文化育樂活動場所,女廁所,新北市立黃金博物館,0
65000,65000120,銅山里,F120000198,黃金博物館本山五坑-女廁,新北市瑞芳區銅山里金光路8號,新北市政府文化局,25.10678000,121.85883000,特優級,文化育樂活動場所,女廁所,新北市立黃金博物館,0
65000,65000010,華東里,F010001906,捷運亞東醫院站-女廁,新北市板橋區華東里南雅南路2段17號,臺北大眾捷運股份有限公司,24.99777900,121.45242700,特優級,交通,女廁所,臺北大眾捷運股份有限公司,1
65000,65000010,華中里,F010002093,華中公園-男廁,新北市板橋區華中里僑中一街124巷底,新北市板橋區公所,25.01250900,121.44585300,特優級,公園,男廁所,新北市板橋區公所經建課,0
65000,65000010,溪洲里,F010002224,溪洲公園-男廁,新北市板橋區溪洲里溪崑二街113號,新北市板橋區公所,24.98894000,121.42677500,特優級,公園,男廁所,新北市板橋區公所經建課,0
65000,65000010,香雅里,F010002258,環河公園-男廁,新北市板橋區香雅里南雅西路二段301巷41弄,新北市板橋區公所,25.01659500,121.45176600,特優級,公園,男廁所,新北市板橋區公所經建課,0
65000,65000050,福基里,F050000043,台亞新莊化成加油站-男廁,新北市新莊區福基里新北大道2段167號,台亞石油股份有限公司,25.06101400,121.46481700,特優級,商業營業場所,男廁所,台亞石油股份有限公司新莊化成加油站,0
65000,65000120,銅山里,F120000195,黃金博物館環境館-男廁,新北市瑞芳區銅山里金光路8號,新北市政府文化局,25.10827000,121.85674000,特優級,文化育樂活動場所,男廁所,新北市立黃金博物館,0
65000,65000120,海濱里,F120000228,中油海濱加油站-男廁,新北市瑞芳區海濱里海濱路157-2號,經濟部,25.12133500,121.82891900,特優級,商業營業場所,男廁所,台灣中油股份有限公司海濱站,0
65000,65000130,埤塘里,F130000020,土城藝文館1F-男廁,新北市土城區埤塘里和平路24號,新北市土城區公所,24.97291500,121.44318700,特優級,文化育樂活動場所,男廁所,新北市土城區公所社會人文課,0
65000,65000130,頂埔里,F130000334,永福岩清水祖師廟1F-男廁,新北市土城區頂埔里中央路4段65號,永福岩清水祖師廟管理委員會,24.95810200,121.41742500,優等級,宗教禮儀場所,男廁所,永福岩清水祖師廟管理委員會,0
65000,65000010,浮洲里,F010001935,浮洲運動公園-男廁,新北市板橋區浮洲里僑中一街124巷20弄,新北市政府高灘地工程管理處,25.01250500,121.44797300,特優級,公園,男廁所,新北市板橋區公所經建課,0
65000,65000010,溪洲里,F010002229,溪洲活動中心-男廁,新北市板橋區溪洲里溪崑二街113號,新北市板橋區公所,24.98894000,121.42677500,特優級,社福機構、集會場所,男廁所,新北市板橋區公所經建課,0
65000,65000010,莊敬里,F010002523,莊敬公園活動中心-男廁,新北市板橋區莊敬里民生路2段120號,新北市板橋區公所,25.01971300,121.47077900,特優級,社福機構、集會場所,男廁所,新北市板橋區公所經建課,0
65000,65000050,忠孝里,F050000066,中油新莊加油站-女廁,新北市新莊區忠孝里中正路338號,台灣中油股份有限公司,25.03478400,121.44526500,特優級,商業營業場所,女廁所,中油新莊加油站,0
65000,65000120,東和里,F120000077,中油瑞芳加油站-男廁,新北市瑞芳區東和里中山路200號,台灣中油股份有限公司瑞芳站,25.10686000,121.80151000,特優級,商業營業場所,男廁所,台灣中油股份有限公司瑞芳站,0
65000,65000120,東和里,F120000078,中油瑞芳加油站-女廁,新北市瑞芳區東和里中山路200號,台灣中油股份有限公司,25.10686000,121.80151000,特優級,商業營業場所,女廁所,台灣中油股份有限公司瑞芳站,0
65000,65000120,銅山里,F120000192,金瓜石車站-男廁,新北市瑞芳區銅山里金瓜石車站,國營臺灣鐵路股份有限公司,25.10849000,121.85590000,特優級,交通,男廁所,國營臺灣鐵路股份有限公司金瓜石車站,0
65000,65000120,銅山里,F120000193,金瓜石車站-女廁,新北市瑞芳區銅山里金瓜石車站,國營臺灣鐵路股份有限公司,25.10849000,121.85590000,特優級,交通,女廁所,國營臺灣鐵路股份有限公司金瓜石車站,0
67000,67000240,楠西里,D240000004,楠西區公所1F男廁,臺南市楠西區楠西村中正路２３０號,楠西區公所,23.17415000,120.48632100,特優級,民眾洽公場所,男廁所,楠西區公所,0
65000,65000010,復興里,F010002136,臺紙公園-男廁,新北市板橋區復興里大觀路二段28號,新北市板橋區公所,25.00255700,121.44534400,特優級,公園,男廁所,新北市板橋區公所經建課,0
65000,65000010,大安里,F010002146,板橋浮洲圖書館2F-男廁,新北市板橋區大安里大觀路二段163號,新北市政府文化局,25.00044300,121.44537100,特優級,文化育樂活動場所,男廁所,新北市立圖書館板橋浮洲圖書閱覽室,0
65000,65000010,崑崙里,F010002154,活力廣場-男廁,新北市板橋區崑崙里沙崙街9號,新北市板橋區公所,24.99399900,121.43173800,特優級,公園,男廁所,新北市板橋區公所養護工程課,0
65000,65000050,福興里,F050000045,中油大全加油站-男廁,新北市新莊區福興里五權三路2號,大全加油站有限公司,25.06165668,121.45118728,優等級,商業營業場所,男廁所,台灣中油股份有限公司大全加油站,0
65000,65000050,八德里,F050000097,鴻金寶麻吉影城4F-男廁,新北市新莊區八德里民安路188巷5號,萬念福開發有限公司(鴻金寶影城),25.02323700,121.42480600,特優級,商業營業場所,男廁所,鴻金寶麻吉影城,0
65000,65000050,八德里,F050000099,鴻金寶夢幻廣場1F-男廁,新北市新莊區八德里民安路188巷5號,鴻金堡公寓大廈管理維護有限公司,25.02323700,121.42480600,特優級,商業營業場所,男廁所,鴻金寶夢幻廣場,0
65000,65000050,瓊林里,F050000211,瓊泰市民活動中心1F-女廁,新北市新莊區瓊林里瓊泰路85號,新北市新莊區公所,25.02930600,121.44313900,特優級,社福機構、集會場所,女廁所,新北市新莊區公所民政課,0
65000,65000050,思源里,F050000302,全國思源加油站-男廁,新北市新莊區思源里思源路68號,全國加油站股份有限公司,25.04459700,121.46028500,優等級,商業營業場所,男廁所,全國加油站股份有限公司思源加油站,0
65000,65000050,丹鳳里,F050000434,特力翠豐百貨新莊店-男廁,新北市新莊區丹鳳里中正路620號,特力翠豐股份有限公司,25.02956000,121.42253400,特優級,商業營業場所,男廁所,特力翠豐百貨新莊店,0
65000,65000050,雙鳳里,F050000521,牡丹心市民活動中心5F-男廁,新北市新莊區雙鳳里雙鳳路75號,新北市新莊區公所,25.02766400,121.41492800,特優級,社福機構、集會場所,男廁所,新北市新莊區公所民政課,0
65000,65000050,雙鳳里,F050000523,牡丹心市民活動中心5F-無障礙廁所,新北市新莊區雙鳳里雙鳳路75號,新北市新莊區公所,25.02766400,121.41492800,特優級,社福機構、集會場所,無障礙廁所,新北市新莊區公所民政課,0
65000,65000050,福興里,F050001030,中油五股工業區加油站-男廁,新北市新莊區福興里五工路99-3號,台灣中油股份有限公司,25.06440800,121.45632300,特優級,商業營業場所,男廁所,台灣中油股份有限公司五股工業區加油站,0
65000,65000050,福興里,F050001034,摩斯漢堡新莊五權店2F-男廁,新北市新莊區福興里五權一路42號,安心食品服務股份有限公司,25.06549400,121.45768500,特優級,商業營業場所,男廁所,摩斯漢堡新莊五權店,0
65000,65000060,大豐里,F060000049,社福館1F-男廁,新北市新店區大豐里民族路110號,新北市政府社會局,24.97693100,121.53755800,特優級,社福機構、集會場所,男廁所,新北市新店區公所社會課,0
65000,65000060,寶安里,F060000141,捷運大坪林站B1-女廁,新北市新店區寶安里北新路3段190號,臺北大眾捷運股份有限公司,24.98358500,121.54146800,特優級,交通,女廁所,臺北大眾捷運股份有限公司大坪林站,1
65000,65000060,信義里,F060000144,信義活動中心-女廁,"新北市新店區信義里寶慶街10-1號 (天橋下)",新北市新店區公所,24.98665026,121.54383695,優等級,社福機構、集會場所,女廁所,新北市新店區公所民政課,0
65000,65000060,太平里,F060000150,碧潭西岸1-女廁,新北市新店區太平里碧潭西岸吊橋下,新北市政府觀光旅遊局,24.95632800,121.53512300,特優級,觀光地區及風景區,女廁所,新北市政府觀光旅遊局,0
65000,65000060,張南里,F060000514,碧潭東岸1-男廁,新北市新店區張南里碧潭東岸北二高橋下,新北市政府觀光旅遊局,24.96078400,121.53699200,特優級,觀光地區及風景區,男廁所,碧潭管理站,0
65000,65000060,張南里,F060000536,捷運新店總站北側-女廁,新北市新店區張南里北宜路1段2號,臺北大眾捷運股份有限公司,24.95769700,121.53766000,特優級,交通,女廁所,臺北大眾捷運股份有限公司新店捷運總站,1
65000,65000050,八德里,F050000100,鴻金寶夢幻廣場1F-女廁,新北市新莊區八德里民安路188巷5號,鴻金堡公寓大廈管理維護有限公司,25.02323700,121.42480600,特優級,商業營業場所,女廁所,鴻金寶夢幻廣場,0
65000,65000050,丹鳳里,F050000441,中油永錡中正加油站-女廁,新北市新莊區丹鳳里中正路692之8號,永錡加油站股份有限公司,25.02837800,121.41973200,特優級,商業營業場所,女廁所,台灣中油股份有限公司永錡中正加油站,0
65000,65000050,仁愛里,F050000453,思賢公園-無障礙廁所,新北市新莊區仁愛里自由街1號,新北市新莊區公所,25.04798900,121.45596900,特優級,公園,無障礙廁所,新北市新莊區公所經建課,0
65000,65000050,雙鳳里,F050000496,麥當勞新莊中山店2F-女廁,新北市新莊區雙鳳里新北大道7段792號,台灣麥當勞餐廳股份有限公司,25.02446700,121.41305600,特優級,商業營業場所,女廁所,麥當勞新莊中山店,0
65000,65000050,中華里,F050000573,新北市立圖書館中港分館5F-女廁,新北市新莊區中華里中港路324-3號,新北市政府文化局,25.04557400,121.45252200,特優級,文化育樂活動場所,女廁所,新北市立圖書館中港分館,0
65000,65000050,文聖里,F050000661,麥當勞新莊中正店2F-女廁,新北市新莊區文聖里中正路232號,台灣麥當勞餐廳股份有限公司,25.03539100,121.44845200,特優級,商業營業場所,女廁所,麥當勞新莊中正店,0
65000,65000050,後德里,F050001024,長青活動中心1F-無障礙廁所,新北市新莊區後德里後港一路19號,新北市新莊區公所,25.02594900,121.42462900,特優級,社福機構、集會場所,無障礙廁所,新北市新莊區公所民政課,0
65000,65000050,中平里,F050001041,摩斯漢堡新莊中平店B1-男廁,新北市新莊區中平里中平路256號,安心食品服務股份有限公司,25.04955300,121.44495000,特優級,商業營業場所,男廁所,摩斯漢堡新莊中平店,0
64000,64000340,杉林里,E340000006,真福山B1-男廁,高雄市杉林區杉林里合森巷160號,真福山,23.00466900,120.56317300,特優級,宗教禮儀場所,男廁所,真福山,0
65000,65000060,寶興里,F060000071,台亞中興路加油站-女廁,新北市新店區寶興里中興路3段131號,台亞石油有限公司,24.97912900,121.54458200,特優級,商業營業場所,女廁所,台亞石油有限公司中興加油站,0
65000,65000060,德安里,F060000330,中油車子路加油站-男廁,新北市新店區德安里安康路2段269號,台灣中油股份有限公司車子路加油站,24.95769700,121.50411800,優等級,商業營業場所,男廁所,台灣中油股份有限公司車子路加油站,0
65000,65000060,新店里,F060000517,碧潭東岸(吊橋下旁)-女廁,新北市新店區新店里碧潭東岸吊橋下旁,新北市政府觀光旅遊局,24.95637400,121.53676400,特優級,觀光地區及風景區,女廁所,碧潭管理站,0
65000,65000060,張南里,F060000535,捷運新店總站北側-男廁,新北市新店區張南里北宜路1段2號,臺北大眾捷運股份有限公司,24.95769700,121.53766000,特優級,交通,男廁所,臺北大眾捷運股份有限公司新店捷運總站,1
65000,65000060,廣明里,F060000667,肯德基新店光明店-女廁,新北市新店區廣明里光明街1-1號,台灣百勝有限公司,24.95906400,121.53819100,優等級,商業營業場所,女廁所,肯德基新店光明店,0
65000,65000060,張北里,F060000734,原野公園-男廁,新北市新店區張北里德正街27巷29弄133-1號旁,新北市新店區公所,24.97259800,121.54443000,優等級,公園,男廁所,新北市新店區公所經建課,0
65000,65000060,新安里,F060000869,捷運七張站B1-女廁,新北市新店區新安里北新路2段150號,臺北大眾捷運股份有限公司,24.97502400,121.54311500,特優級,交通,女廁所,臺北大眾捷運股份有限公司捷運七張站,1
67000,67000130,仁得里,D130000015,學甲區衛生所1F男廁,臺南市學甲區仁得里建國路３８號,臺南市政府衛生局,23.23022900,120.18200200,特優級,民眾洽公場所,男廁所,學甲區衛生所,0
65000,65000050,信義里,F050000413,福壽市民活動中心1F-無障礙廁所,新北市新莊區信義里昌明街1號,新北市新莊區公所,25.05221300,121.45763300,特優級,社福機構、集會場所,無障礙廁所,新北市新莊區公所民政課,0
65000,65000050,中信里,F050000623,黃愚市民活動中心1F-女廁,新北市新莊區中信里中信街74號,新北市新莊區公所,25.05245100,121.44825700,特優級,社福機構、集會場所,女廁所,新北市新莊區公所民政課,0
65000,65000060,明德里,F060000005,中油大豐加油站-男廁,新北市新店區明德里北新路2段205號,台灣中油股份有限公司,24.97840100,121.54216900,特優級,商業營業場所,男廁所,台灣中油股份有限公司新店大豐站,0
65000,65000060,公崙里,F060000252,麥當勞新店安康店B1-女廁,新北市新店區公崙里安德街1號,麥當勞新店安康店,24.96245700,121.51242100,優等級,商業營業場所,女廁所,麥當勞新店安康店,0
65000,65000060,福民里,F060001065,小碧潭景觀-男廁,新北市新店區福民里碧潭東岸二高橋下球場旁,新北市政府高灘地工程管理處,24.97179101,121.52908802,優等級,觀光地區及風景區,男廁所,新北市政府高灘地工程管理處,0
65000,65000060,福民里,F060001066,小碧潭景觀-女廁,新北市新店區福民里碧潭東岸二高橋下球場旁,新北市政府高灘地工程管理處,24.96382000,121.53649600,優等級,觀光地區及風景區,女廁所,新北市政府高灘地工程管理處,0
65000,65000060,新店里,F060000528,新北市立圖書館新店碧潭圖書閱覽室4F-男廁,新北市新店區新店里新店路207號,新北市政府文化局,24.95683600,121.53702100,優等級,文化育樂活動場所,男廁所,新北市立圖書館新店碧潭圖書閱覽室,0
65000,65000060,新生里,F060000728,頂呱呱新店北新店-男廁,新北市新店區新生里北新路1段265號,頂呱呱股份有限公司,24.96649500,121.54084500,特優級,商業營業場所,男廁所,頂呱呱新店北新店,0
65000,65000020,過田里,F020000276,中油菜寮加油站-男廁,新北市三重區過田里重新路3段157號,台灣中油股份有限公司,25.05890400,121.48964400,特優級,商業營業場所,男廁所,台灣中油股份有限公司菜寮站,0
65000,65000040,永貞里,F040000437,中油永利加油站-男廁,新北市永和區永貞里永利路69號,台灣中油股份有限公司,25.00496800,121.51965300,特優級,商業營業場所,男廁所,台灣中油股份有限公司永和永利路站,0
65000,65000050,忠孝里,F050000065,中油新莊加油站-男廁,新北市新莊區忠孝里中正路338號,台灣中油股份有限公司,25.03478400,121.44526500,特優級,商業營業場所,男廁所,台灣中油股份有限公司新莊加油站,0
65000,65000050,西盛里,F050000149,台亞新安加油站-混合廁所,新北市新莊區西盛里新樹路294號,台亞石油股份有限公司,25.00692100,121.43276500,特優級,商業營業場所,混合廁所,台亞石油股份有限公司新安加油站,0
65000,65000050,南港里,F050000337,四維市民活動中心1F-男廁,新北市新莊區南港里四維路186巷2號,新北市新莊區公所,25.02117000,121.42182500,特優級,社福機構、集會場所,男廁所,新北市新莊區公所民政課,0
65000,65000050,南港里,F050000339,四維市民活動中心1F-無障礙廁所,新北市新莊區南港里四維路186巷2號,新北市新莊區公所,25.02117000,121.42182500,特優級,社福機構、集會場所,無障礙廁所,新北市新莊區公所民政課,0
65000,65000050,化成里,F050000419,中油興化加油站-混合廁所,新北市新莊區化成里復興路3段117號,思源加油站集團,25.04473900,121.46498600,特優級,商業營業場所,混合廁所,中油興化加油站,0
65000,65000050,中華里,F050000572,新北市立圖書館中港分館6F-男廁,新北市新莊區中華里中港路324-3號,新北市政府文化局,25.04557400,121.45252200,特優級,文化育樂活動場所,男廁所,新北市立圖書館中港分館,0
65000,65000050,中華里,F050000574,新北市立圖書館中港分館6F-無障礙廁所,新北市新莊區中華里中港路324-3號,新北市政府文化局,25.04557400,121.45252200,特優級,文化育樂活動場所,無障礙廁所,新北市立圖書館中港分館,0
65000,65000050,文聖里,F050000660,麥當勞新莊中正店2F-男廁,新北市新莊區文聖里中正路232號,台灣麥當勞餐廳股份有限公司,25.03539100,121.44845200,特優級,商業營業場所,男廁所,麥當勞新莊中正店,0
65000,65000050,福興里,F050001035,摩斯漢堡新莊五權店2F-女廁,新北市新莊區福興里五權一路42號,安心食品服務股份有限公司,25.06549400,121.45768500,特優級,商業營業場所,女廁所,摩斯漢堡新莊五權店,0
65000,65000050,中平里,F050001042,摩斯漢堡新莊中平店B1-女廁,新北市新莊區中平里中平路256號,安心食品服務股份有限公司,25.04955300,121.44495000,特優級,商業營業場所,女廁所,摩斯漢堡新莊中平店,0
65000,65000060,明德里,F060000006,中油大豐加油站-女廁,新北市新店區明德里北新路2段205號,台灣中油股份有限公司,24.97840100,121.54216900,特優級,商業營業場所,女廁所,台灣中油股份有限公司新店大豐站,0
65000,65000060,頂城里,F060000154,碧潭西岸2-男廁,新北市新店區頂城里碧潭西岸停車場,新北市政府觀光旅遊局,24.95953600,121.53425900,特優級,觀光地區及風景區,男廁所,新北市政府觀光旅遊局,0
65000,65000060,太平里,F060000152,太平運動公園-混合廁所,新北市新店區太平里精忠路10-1號,新北市新店區公所,24.95870300,121.53240000,特優級,公園,混合廁所,新北市新店區公所經建課,0
65000,65000060,公崙里,F060000329,公崙社區活動中心-女廁,新北市新店區公崙里安康路2段85巷17號,新北市新店區公所,24.96189100,121.51415600,特優級,社福機構、集會場所,女廁所,新北市新店區公所民政課,0
65000,65000060,德安里,F060000331,中油車子路加油站-女廁,新北市新店區德安里安康路2段269號,台灣中油股份有限公司車子路加油站,24.95769700,121.50411800,優等級,商業營業場所,女廁所,台灣中油股份有限公司車子路加油站,0
65000,65000060,廣明里,F060000666,肯德基新店光明店-男廁,新北市新店區廣明里光明街1-1號,台灣百勝有限公司,24.95906400,121.53819100,優等級,商業營業場所,男廁所,肯德基新店光明店,0
65000,65000060,新生里,F060000721,大全聯碧潭店B1-男廁,新北市新店區新生里環河路22號,全聯實業股份有限公司,24.96183100,121.53718200,特優級,商業營業場所,男廁所,全聯實業股份有限公司,0
65000,65000060,新德里,F060000726,捷運新店區公所站-女廁,新北市新店區新德里北新路1段295號,臺北大眾捷運股份有限公司,24.96748700,121.54114700,特優級,交通,女廁所,臺北大眾捷運股份有限公司,0
65000,65000060,張北里,F060000735,原野公園-女廁,新北市新店區張北里德正街27巷29弄133-1號旁,新北市新店區公所,24.97259800,121.54443000,優等級,公園,女廁所,新北市新店區公所經建課,0
67000,67000130,仁得里,D130000016,學甲區衛生所1F女廁,臺南市學甲區仁得里建國路３８號,臺南市政府衛生局,23.23022900,120.18200200,特優級,民眾洽公場所,女廁所,學甲區衛生所,0
67000,67000140,西港里,D140000005,西港區公所2F女廁,臺南市西港區西港村文化路１號,西港區公所,23.12311000,120.20343100,特優級,民眾洽公場所,女廁所,西港區公所,0
67000,67000140,慶安里,D140000040,佳里戶政事務所西港辦公處混合廁,臺南市西港區慶安村中山路３３７號,佳里戶政事務所西港辦公處,23.12270300,120.20288200,特優級,民眾洽公場所,混合廁所,佳里戶政事務所西港辦公處,0
65000,65000050,興漢里,F050000121,新莊區公所1F-混合廁所,新北市新莊區興漢里中正路176號,新北市新莊區公所,25.03583400,121.45055800,特優級,民眾洽公場所,混合廁所,新北市新莊區公所,1
65000,65000280,萬里里,F280000009,OK超商萬里店-混合廁所,新北市萬里區萬里村瑪鋉路39號,OK超商萬里店,25.17587000,121.68757800,特優級,商業營業場所,混合廁所,OK超商萬里店,0
65000,65000050,丹鳳里,F050000440,中油永錡中正加油站-男廁,新北市新莊區丹鳳里中正路692之8號,永錡加油站股份有限公司,25.02837800,121.41973200,特優級,商業營業場所,男廁所,台灣中油股份有限公司永錡中正加油站,0
65000,65000050,丹鳳里,F050000442,中油聯新加油站-男廁,新北市新莊區丹鳳里新北大道七段120號,思源加油站集團,25.03230500,121.41757600,特優級,商業營業場所,男廁所,聯新加油站,0
65000,65000050,仁愛里,F050000490,聯合市民活動中心1F-男廁,新北市新莊區仁愛里自由街1號,新北市新莊區公所,25.04798900,121.45596900,特優級,社福機構、集會場所,男廁所,新北市新莊區公所民政課,0
65000,65000050,雙鳳里,F050000495,麥當勞新莊中山店2F-男廁,新北市新莊區雙鳳里新北大道7段792號,台灣麥當勞餐廳股份有限公司,25.02446700,121.41305600,特優級,商業營業場所,男廁所,麥當勞新莊中山店,0
65000,65000050,立基里,F050000940,新莊文化藝術中心1F-男廁,新北市新莊區立基里中平路133號,新北市政府文化局,25.04718000,121.44472300,特優級,文化育樂活動場所,男廁所,新莊文化藝術中心,1
65000,65000050,後德里,F050001023,長青活動中心1F-女廁,"新北市新莊區後德里後港一路19號 [ 後港一路 10號 對面 ]",新北市新莊區公所,25.02594900,121.42462900,特優級,社福機構、集會場所,女廁所,新北市新莊區公所民政課,0
65000,65000060,寶興里,F060000070,台亞中興路加油站-男廁,新北市新店區寶興里中興路3段131號,台亞石油有限公司,24.97921200,121.54454900,特優級,商業營業場所,男廁所,台亞石油有限公司中興加油站,0
65000,65000060,寶興里,F060000073,家樂福新店店1F-男廁,新北市新店區寶興里中興路3段1號,家樂福股份有限公司,24.97604800,121.54672700,特優級,商業營業場所,男廁所,家樂福台北新店分公司,0
65000,65000060,寶興里,F060000088,摩斯漢堡新店北新店-女廁,新北市新店區寶興里北新路2段258號,安心食品服務股份有限公司,24.97816600,121.54287400,優等級,商業營業場所,女廁所,摩斯漢堡新店北新店,0
65000,65000060,寶興里,F060000130,寶興活動中心-(中間)-女廁,新北市新店區寶興里寶中路65巷59號,新北市新店區公所,24.98145900,121.54588900,特優級,社福機構、集會場所,女廁所,新北市新店區公所民政課,0
65000,65000060,新店里,F060000516,碧潭東岸(吊橋下旁)-男廁,新北市新店區新店里碧潭東岸吊橋下旁,新北市政府觀光旅遊局,24.95637400,121.53676400,特優級,觀光地區及風景區,男廁所,碧潭管理站,0
65000,65000060,新店里,F060000518,碧潭東岸(渡船頭旁)-男廁,新北市新店區新店里碧潭東岸渡船頭旁,新北市政府觀光旅遊局,24.95437500,121.53672100,特優級,觀光地區及風景區,男廁所,碧潭管理站,0
65000,65000060,新店里,F060000529,新北市立圖書館新店碧潭圖書閱覽室4F-女廁,新北市新店區新店里新店路207號,新北市政府文化局,24.95683600,121.53702100,優等級,文化育樂活動場所,女廁所,新北市立圖書館新店碧潭圖書閱覽室,0
65000,65000060,五峰里,F060000865,北新公有停車場B1B區-男廁,新北市新店區五峰里北新路1段92號,新北市政府交通局,24.96814400,121.54237200,特優級,交通,男廁所,新北市政府交通局,0
65000,65000060,五峰里,F060000796,馬公友誼運動公園-男廁,新北市新店區五峰里北新路1段92號,新北市新店區公所,24.96814400,121.54237200,特優級,文化育樂活動場所,男廁所,新北市新店區公所經建課,0
10002,10002020,大新里,G020000003,羅東火車站-男廁,宜蘭縣羅東鎮大新里公正路2號,國營臺灣鐵路股份有限公司,24.67799734,121.77447367,特優級,交通,男廁所,國營臺灣鐵路股份有限公司羅東火車站,0
67000,67000270,成功里,D270000154,奇美博物館展示區3F南側女廁,臺南市仁德區成功村文華路二段66號,臺南市政府文化局,22.93445100,120.22620900,特優級,文化育樂活動場所,女廁所,奇美博物館,0
67000,67000130,仁得里,D130000014,學甲區公所1F女廁,臺南市學甲區仁得里華宗路３１３號,學甲區公所,23.23035300,120.18238800,特優級,民眾洽公場所,女廁所,學甲區公所,0
67000,67000150,大埕里,D150000039,七股區公所2F男廁,臺南市七股區大埕村大埕377號,七股區公所,23.14036800,120.13910400,特優級,民眾洽公場所,男廁所,七股區公所,0
67000,67000150,大埕里,D150000041,七股區公所3F男廁,臺南市七股區大埕村大埕377號,七股區公所,23.14036800,120.13910400,特優級,民眾洽公場所,男廁所,七股區公所,0
67000,67000170,永隆里,D170000048,北門區衛生所2F男廁,臺南市北門區永隆村港北５０號,臺南市政府衛生局,23.27033900,120.12519500,特優級,民眾洽公場所,男廁所,北門區衛生所,0
67000,67000180,東榮里,D180000046,新化戶政事務所新化辦公處1F女廁,臺南市新化區東榮里和平街３１巷１１號,新化戶政事務所新化辦公處,23.03297000,120.31020700,特優級,民眾洽公場所,女廁所,新化戶政事務所新化辦公處,0
67000,67000150,大埕里,D150000036,七股區衛生所男廁,臺南市七股區大埕村大埕379號,臺南市政府衛生局,23.14018500,120.13864900,特優級,民眾洽公場所,男廁所,七股區衛生所,0
67000,67000180,護國里,D180000056,新化區公所1F男廁,臺南市新化區護國里中山路１３０號,新化區公所,23.03849700,120.31085000,特優級,民眾洽公場所,男廁所,新化區公所,0
67000,67000180,護國里,D180000058,新化區公所2F男廁,臺南市新化區護國里中山路１３０號,新化區公所,23.03849700,120.31085000,特優級,民眾洽公場所,男廁所,新化區公所,0
67000,67000190,光文里,D190000027,善化區公所1F女廁,臺南市善化區光文里建國路１９０號,善化區公所,23.13238200,120.29675400,特優級,民眾洽公場所,女廁所,善化區公所,0
67000,67000190,光文里,D190000029,善化區公所2F女廁,臺南市善化區光文里建國路１９０號,善化區公所,23.13238200,120.29675400,特優級,民眾洽公場所,女廁所,善化區公所,0
67000,67000220,南洲里,D220000012,山上區公所1F女廁,臺南市山上區南洲村南洲３２５號,山上區公所,23.10341100,120.35270100,特優級,民眾洽公場所,女廁所,山上區公所,0
67000,67000220,南洲里,D220000014,山上區公所2F女廁,臺南市山上區南洲村南洲３２５號,山上區公所,23.10341100,120.35270100,特優級,民眾洽公場所,女廁所,山上區公所,0
67000,67000230,玉田里,D230000009,玉井戶政事務所玉井辦公處混合廁,臺南市玉井區玉田村中山路２之１號,臺南市政府警察局,23.11939300,120.45904700,特優級,民眾洽公場所,混合廁所,玉井戶政事務所玉井辦公處,1
65000,65000060,新生里,F060000729,頂呱呱新店北新店-女廁,新北市新店區新生里北新路1段265號,頂呱呱股份有限公司,24.96649500,121.54084500,特優級,商業營業場所,女廁所,頂呱呱新店北新店,0
67000,67000140,西港里,D140000006,西港區公所1F男廁,臺南市西港區西港村文化路１號,西港區公所,23.12311000,120.20343100,特優級,民眾洽公場所,男廁所,西港區公所,0
67000,67000140,西港里,D140000039,西港區衛生所男廁,臺南市西港區西港村中山路３６８號,臺南市政府衛生局,23.12329600,120.20328700,特優級,民眾洽公場所,男廁所,西港區衛生所,0
67000,67000180,豐榮里,D180000085,新化區衛生所1F男廁,臺南市新化區豐榮里健康路１４３號,臺南市政府衛生局,23.03444600,120.30489600,特優級,民眾洽公場所,男廁所,新化區衛生所,0
67000,67000180,豐榮里,D180000086,新化區衛生所1F女廁,臺南市新化區豐榮里健康路１４３號,臺南市政府衛生局,23.03444600,120.30489600,特優級,民眾洽公場所,女廁所,新化區衛生所,0
67000,67000190,昌隆里,D190000123,善化流浪動物保護之家1F男廁,臺南市善化區昌隆里東勢寮１號之１９,臺南市動物防疫保護處,23.14870600,120.33166200,特優級,民眾洽公場所,男廁所,臺南市動物防疫保護處,0
67000,67000200,新市里,D200000013,新市區衛生所2F混合廁,臺南市新市區新市村中興街１２號,臺南市政府衛生局,23.07894400,120.29499800,特優級,民眾洽公場所,混合廁所,新市區衛生所,0
67000,67000220,山上里,D220000024,山上區衛生所女廁,臺南市山上區山上村山上３５之２號,臺南市政府衛生局,23.09859100,120.35807700,特優級,民眾洽公場所,女廁所,山上區衛生所,0
65000,65000060,新安里,F060000868,捷運七張站B1-男廁,新北市新店區新安里北新路2段150號,臺北大眾捷運股份有限公司,24.97502400,121.54311500,特優級,交通,男廁所,臺北大眾捷運股份有限公司捷運七張站,1
67000,67000120,六安里,D120000046,佳里區公所4F男廁,臺南市佳里區六安里忠孝路５號,佳里區公所,23.16518900,120.17716100,特優級,民眾洽公場所,男廁所,佳里區公所,0
67000,67000170,北門里,D170000021,北門區公所1F女廁,臺南市北門區北門村舊埕１０８號,北門區公所,23.26773200,120.12541300,特優級,民眾洽公場所,女廁所,北門區公所,0
67000,67000170,北門里,D170000019,北門區公所2F男廁,臺南市北門區北門村舊埕１０８號,北門區公所,23.26773200,120.12541300,特優級,民眾洽公場所,男廁所,北門區公所,0
67000,67000190,文昌里,D190000048,善化戶政事務所善化辦公處1F男廁,臺南市善化區文昌里光復路２６９號,善化戶政事務所善化辦公處,23.12718500,120.28903800,特優級,民眾洽公場所,男廁所,善化戶政事務所善化辦公處,0
67000,67000190,昌隆里,D190000122,善化流浪動物保護之家1F女廁,臺南市善化區昌隆里東勢寮１號之１９,臺南市動物防疫保護處,23.14870600,120.33166200,特優級,民眾洽公場所,女廁所,臺南市動物防疫保護處,0
67000,67000200,新市里,D200000014,新市區公所1F混合廁,臺南市新市區新市村中興街１２號,新市區公所,23.07899700,120.29506000,特優級,民眾洽公場所,混合廁所,新市區公所,0
67000,67000200,新市里,D200000016,新市區公所3F混合廁,臺南市新市區新市村中興街１２號,新市區公所,23.07899700,120.29506000,特優級,民眾洽公場所,混合廁所,新市區公所,0
65000,65000050,瓊林里,F050000210,瓊泰市民活動中心1F-混合廁所,新北市新莊區瓊林里瓊泰路85號,新北市新莊區公所,25.02930600,121.44313900,特優級,社福機構、集會場所,混合廁所,新北市新莊區公所民政課,0
65000,65000050,思源里,F050000303,全國思源加油站-女廁,新北市新莊區思源里思源路68號,全國加油站股份有限公司,25.04459700,121.46028500,優等級,商業營業場所,女廁所,全國加油站股份有限公司思源加油站,0
65000,65000050,丹鳳里,F050000435,特力翠豐百貨新莊店-女廁,新北市新莊區丹鳳里中正路620號,"特力屋 新莊店",25.02956000,121.42253400,特優級,商業營業場所,女廁所,"特力屋 新莊店",0
65000,65000050,雙鳳里,F050000522,牡丹心市民活動中心5F-女廁,新北市新莊區雙鳳里雙鳳路75號,新北市新莊區公所,25.02766400,121.41492800,特優級,社福機構、集會場所,女廁所,新北市新莊區公所民政課,0
65000,65000050,中華里,F050000526,全國新莊加油站-男廁,新北市新莊區中華里中華路2段83號,全國加油股份有限公司,25.04791700,121.45259600,優等級,商業營業場所,男廁所,全國新莊加油站,0
65000,65000050,福興里,F050001031,中油五股工業區加油站-女廁,新北市新莊區福興里五工路99-3號,台灣中油股份有限公司,25.06440800,121.45632300,特優級,商業營業場所,女廁所,台灣中油股份有限公司五股工業區加油站,0
65000,65000060,大豐里,F060000050,社福館1F-女廁,新北市新店區大豐里民族路110號,新北市政府社會局,24.97693100,121.53755800,特優級,社福機構、集會場所,女廁所,新北市新店區公所社會課,0
65000,65000060,信義里,F060000143,信義活動中心-男廁,"新北市新店區信義里寶慶街10-1號 (天橋下)",新北市新店區公所,24.98663956,121.54386592,優等級,社福機構、集會場所,男廁所,新北市新店區公所民政課,0
65000,65000060,太平里,F060000149,碧潭西岸1-男廁,新北市新店區太平里碧潭西岸吊橋下,新北市政府觀光旅遊局,24.95632800,121.53512300,特優級,觀光地區及風景區,男廁所,新北市政府觀光旅遊局,0
65000,65000060,張南里,F060000515,碧潭東岸1-女廁,新北市新店區張南里碧潭東岸北二高橋下,新北市政府觀光旅遊局,24.96078400,121.53699200,特優級,觀光地區及風景區,女廁所,碧潭管理站,0
65000,65000060,五峰里,F060000797,馬公友誼運動公園-女廁,新北市新店區五峰里北新路1段92號,新北市新店區公所,24.96814400,121.54237200,特優級,文化育樂活動場所,女廁所,新北市新店區公所經建課,0
67000,67000130,仁得里,D130000013,學甲區公所1F男廁,臺南市學甲區仁得里華宗路３１３號,學甲區公所,23.23035300,120.18238800,特優級,民眾洽公場所,男廁所,學甲區公所,0
67000,67000150,大埕里,D150000038,七股區公所1F女廁,臺南市七股區大埕村大埕377號,七股區公所,23.14036800,120.13910400,特優級,民眾洽公場所,女廁所,七股區公所,0
67000,67000150,大埕里,D150000040,七股區公所2F女廁,臺南市七股區大埕村大埕377號,七股區公所,23.14036800,120.13910400,特優級,民眾洽公場所,女廁所,七股區公所,0
67000,67000170,永隆里,D170000047,北門區衛生所1F無障礙廁,臺南市北門區永隆村港北５０號,臺南市政府衛生局,23.27033900,120.12519500,特優級,民眾洽公場所,無障礙廁所,北門區衛生所,0
67000,67000180,東榮里,D180000045,新化戶政事務所新化辦公處1F男廁,臺南市新化區東榮里和平街３１巷１１號,新化戶政事務所新化辦公處,23.03297000,120.31020700,特優級,民眾洽公場所,男廁所,新化戶政事務所新化辦公處,0
65000,65000050,中和里,F050000143,肯德基新莊中港店2F-男廁,新北市新莊區中和里中港路311號,台灣百勝肯德基股份有限公司,25.04466800,121.45260300,特優級,商業營業場所,男廁所,肯德基新莊中港店,0
65000,65000050,南港里,F050000338,四維市民活動中心1F-女廁,新北市新莊區南港里四維路186巷2號,新北市新莊區公所,25.02117000,121.42182500,特優級,社福機構、集會場所,女廁所,新北市新莊區公所民政課,0
65000,65000050,化成里,F050000418,中油興化加油站-男廁,新北市新莊區化成里復興路3段117號,思源加油站集團,25.04473900,121.46498600,特優級,商業營業場所,男廁所,中油興化加油站,0
65000,65000050,丹鳳里,F050000443,中油聯新加油站-女廁,新北市新莊區丹鳳里新北大道七段120號,思源加油站集團,25.03230500,121.41757600,特優級,商業營業場所,女廁所,聯新加油站,0
65000,65000050,仁愛里,F050000491,聯合市民活動中心1F-女廁,新北市新莊區仁愛里自由街1號,新北市新莊區公所,25.04798900,121.45596900,特優級,社福機構、集會場所,女廁所,新北市新莊區公所民政課,0
65000,65000050,中華里,F050000527,全國新莊加油站-女廁,新北市新莊區中華里中華路2段83號,全國加油股份有限公司,25.04791700,121.45259600,特優級,商業營業場所,女廁所,全國新莊加油站,0
65000,65000050,立基里,F050000941,新莊文化藝術中心1F-女廁,新北市新莊區立基里中平路133號,新北市政府文化局,25.04718000,121.44472300,特優級,文化育樂活動場所,女廁所,新莊文化藝術中心,1
65000,65000050,後德里,F050001022,長青活動中心1F-男廁,新北市新莊區後德里後港一路19號,新北市新莊區公所,25.02594900,121.42462900,特優級,社福機構、集會場所,男廁所,新北市新莊區公所民政課,0
65000,65000060,頂城里,F060000155,碧潭西岸2-女廁,新北市新店區頂城里碧潭西岸停車場,新北市政府觀光旅遊局,24.95953600,121.53425900,特優級,觀光地區及風景區,女廁所,新北市政府觀光旅遊局,0
67000,67000240,楠西里,D240000005,楠西區公所1F女廁,臺南市楠西區楠西村中正路２３０號,楠西區公所,23.17415000,120.48632100,特優級,民眾洽公場所,女廁所,楠西區公所,0
65000,65000060,公崙里,F060000328,公崙社區活動中心-男廁,新北市新店區公崙里安康路2段85巷17號,新北市新店區公所,24.96189100,121.51415600,特優級,社福機構、集會場所,男廁所,新北市新店區公所民政課,0
65000,65000060,新店里,F060000519,碧潭東岸(渡船頭旁)-女廁,新北市新店區新店里碧潭東岸渡船頭旁,新北市政府觀光旅遊局,24.95437500,121.53672100,特優級,觀光地區及風景區,女廁所,碧潭管理站,0
65000,65000060,五峰里,F060000854,北新公有停車場B1B區-女廁,新北市新店區五峰里北新路1段92號,新北市政府交通局,24.96814400,121.54237200,特優級,交通,女廁所,新北市政府交通局,1
67000,67000120,六安里,D120000047,佳里區公所4F女廁,臺南市佳里區六安里忠孝路５號,佳里區公所,23.16518900,120.17716100,特優級,民眾洽公場所,女廁所,佳里區公所,0
67000,67000140,西港里,D140000004,西港區公所2F男廁,臺南市西港區西港村文化路１號,西港區公所,23.12311000,120.20343100,特優級,民眾洽公場所,男廁所,西港區公所,0
67000,67000150,大埕里,D150000035,七股區衛生所女廁,臺南市七股區大埕村大埕379號,臺南市政府衛生局,23.14018500,120.13864900,特優級,民眾洽公場所,女廁所,七股區衛生所,0
67000,67000150,大埕里,D150000042,七股區公所3F女廁,臺南市七股區大埕村大埕377號,七股區公所,23.14036800,120.13910400,特優級,民眾洽公場所,女廁所,七股區公所,0
65000,65000020,中興里,F020000159,山隆加油站-女廁,新北市三重區中興里重新路5段628號,山隆通運股份有限公司,25.04481500,121.46894500,特優級,商業營業場所,女廁所,山隆加油站,0
65000,65000050,福基里,F050000038,中油五工加油站-女廁,新北市新莊區福基里五工路60號,五工有限公司,25.06300800,121.45879300,特優級,商業營業場所,女廁所,台灣中油股份有限公司五工加油站,0
65000,65000050,中和里,F050000146,摩斯漢堡新莊中港店2F-女廁,新北市新莊區中和里中港路319號,安心食品服務股份有限公司,25.04482300,121.45250600,特優級,商業營業場所,女廁所,摩斯漢堡新莊中港店,0
65000,65000050,文明里,F050000287,宜家家居百貨新莊店1F-無障礙廁所,新北市新莊區文明里中正路1號,宜家家居股份有限公司,25.04128817,121.46503925,特優級,商業營業場所,無障礙廁所,宜家家居百貨新莊店,0
65000,65000050,立德里,F050000350,新莊體育館1F西邊-女廁,新北市新莊區立德里和興街66號,新北市政府體育局,25.04050000,121.45198900,特優級,文化育樂活動場所,女廁所,新莊體育館,0
65000,65000050,信義里,F050000411,福壽市民活動中心1F-男廁,新北市新莊區信義里昌明街1號,新北市新莊區公所,25.05221300,121.45763300,特優級,社福機構、集會場所,男廁所,新北市新莊區公所民政課,0
65000,65000050,仁愛里,F050000452,思賢公園-性別友善廁所,新北市新莊區仁愛里自由街1號,新北市新莊區公所,25.04798900,121.45596900,特優級,公園,性別友善廁所,新北市新莊區公所經建課,0
65000,65000050,中信里,F050000622,黃愚市民活動中心1F-男廁,新北市新莊區中信里中信街74號,新北市新莊區公所,25.05245100,121.44825700,特優級,社福機構、集會場所,男廁所,新北市新莊區公所民政課,0
65000,65000060,國豐里,F060000002,建國游泳池2F-性別友善廁所,新北市新店區國豐里建國路58號,新北市政府體育局,24.97538700,121.54070200,特優級,文化育樂活動場所,性別友善廁所,新北市新店區公所經建課,0
65000,65000060,寶興里,F060000087,摩斯漢堡新店北新店-男廁,新北市新店區寶興里北新路2段258號,安心食品服務股份有限公司,24.97816600,121.54287400,優等級,商業營業場所,男廁所,摩斯漢堡新店北新店,0
65000,65000060,下城里,F060000168,下城社區活動中心-男廁,新北市新店區下城里安康路一段281號,新北市新店區公所,24.96249000,121.52358200,優等級,社福機構、集會場所,男廁所,新北市新店區公所民政課,0
65000,65000060,下城里,F060000169,下城社區活動中心-女廁,新北市新店區下城里安康路一段281號,新北市新店區公所,24.96249000,121.52358200,優等級,社福機構、集會場所,女廁所,新北市新店區公所民政課,0
65000,65000060,新店里,F060000526,碧潭公有市場1F-男廁,新北市新店區新店里新店路159號,新北市政府市場處,24.95520700,121.53696200,優等級,商業營業場所,男廁所,公有碧潭零售市場,0
65000,65000060,新店里,F060000527,碧潭公有市場1F-女廁,新北市新店區新店里新店路159號,新北市政府市場處,24.95520700,121.53696200,優等級,商業營業場所,女廁所,公有碧潭零售市場,0
65000,65000060,新生里,F060000722,大全聯碧潭店B1-女廁,新北市新店區新生里環河路22號,全聯實業股份有限公司,24.96183100,121.53718200,特優級,商業營業場所,女廁所,全聯實業股份有限公司,0
65000,65000060,新德里,F060000725,捷運新店區公所站-男廁,新北市新店區新德里北新路1段295號,臺北大眾捷運股份有限公司,24.96748700,121.54114700,特優級,交通,男廁所,臺北大眾捷運股份有限公司,0
67000,67000140,西港里,D140000007,西港區公所1F女廁,臺南市西港區西港村文化路１號,西港區公所,23.12311000,120.20343100,特優級,民眾洽公場所,女廁所,西港區公所,0
67000,67000140,西港里,D140000038,西港區衛生所無障礙廁,臺南市西港區西港村中山路３６８號,臺南市政府衛生局,23.12329600,120.20328700,特優級,民眾洽公場所,無障礙廁所,西港區衛生所,0
67000,67000200,新市里,D200000017,永康戶政事務所新市辦公處混合廁,臺南市新市區新市村光華街２４２號,永康戶政事務所新市辦公處,23.07866000,120.29532900,特優級,民眾洽公場所,混合廁所,永康戶政事務所新市辦公處,0
67000,67000200,新市里,D200000012,新市區衛生所1F混合廁,臺南市新市區新市村中興街１２號,臺南市政府衛生局,23.07894400,120.29499800,特優級,民眾洽公場所,混合廁所,新市區衛生所,0
67000,67000220,南洲里,D220000026,山上區公所3F男廁,臺南市山上區南洲村南洲３２５號,山上區公所,23.10341100,120.35270100,特優級,民眾洽公場所,男廁所,山上區公所,0
67000,67000220,南洲里,D220000027,山上區公所3F女廁,臺南市山上區南洲村南洲３２５號,山上區公所,23.10341100,120.35270100,特優級,民眾洽公場所,女廁所,山上區公所,0
67000,67000170,北門里,D170000022,學甲戶政事務所北門辦公處男廁,臺南市北門區北門村舊埕２２９號,學甲戶政事務所北門辦公處,23.26554000,120.12391800,特優級,民眾洽公場所,男廁所,學甲戶政事務所北門辦公處,0
67000,67000180,護國里,D180000057,新化區公所1F女廁,臺南市新化區護國里中山路１３０號,新化區公所,23.03849700,120.31085000,特優級,民眾洽公場所,女廁所,新化區公所,0
67000,67000190,光文里,D190000026,善化區公所1F男廁,臺南市善化區光文里建國路１９０號,善化區公所,23.13238200,120.29675400,特優級,民眾洽公場所,男廁所,善化區公所,0
67000,67000190,光文里,D190000030,善化區公所3F男廁,臺南市善化區光文里建國路１９０號,善化區公所,23.13238200,120.29675400,特優級,民眾洽公場所,男廁所,善化區公所,0
67000,67000190,文昌里,D190000049,善化戶政事務所善化辦公處1F女廁,臺南市善化區文昌里光復路２６９號,善化戶政事務所善化辦公處,23.12718500,120.28903800,特優級,民眾洽公場所,女廁所,善化戶政事務所善化辦公處,0
67000,67000200,新市里,D200000015,新市區公所2F混合廁,臺南市新市區新市村中興街１２號,新市區公所,23.07899700,120.29506000,特優級,民眾洽公場所,混合廁所,新市區公所,0
67000,67000220,山上里,D220000023,山上區衛生所男廁,臺南市山上區山上村山上３５之２號,臺南市政府衛生局,23.09859100,120.35807700,特優級,民眾洽公場所,男廁所,山上區衛生所,0
67000,67000260,左鎮里,D260000021,玉井戶政事務所左鎮辦公處混合廁,臺南市左鎮區左鎮村左鎮１２２號,玉井戶政事務所左鎮辦公處,23.05546000,120.40495700,特優級,民眾洽公場所,混合廁所,玉井戶政事務所左鎮辦公處,0
67000,67000150,大埕里,D150000037,七股區公所1F男廁,臺南市七股區大埕村大埕377號,七股區公所,23.14036800,120.13910400,特優級,民眾洽公場所,男廁所,七股區公所,0
67000,67000170,北門里,D170000020,北門區公所1F男廁,臺南市北門區北門村舊埕１０８號,北門區公所,23.26773200,120.12541300,特優級,民眾洽公場所,男廁所,北門區公所,1
67000,67000180,護國里,D180000059,新化區公所2F女廁,臺南市新化區護國里中山路１３０號,新化區公所,23.03849700,120.31085000,特優級,民眾洽公場所,女廁所,新化區公所,0
67000,67000190,光文里,D190000028,善化區公所2F男廁,臺南市善化區光文里建國路１９０號,善化區公所,23.13238200,120.29675400,特優級,民眾洽公場所,男廁所,善化區公所,0
67000,67000210,安定里,D210000011,安定區公所1F女廁,臺南市安定區安定村安定59號,安定區公所,23.12162000,120.23705800,特優級,民眾洽公場所,女廁所,安定區公所,0
67000,67000220,南洲里,D220000013,山上區公所2F男廁,臺南市山上區南洲村南洲３２５號,山上區公所,23.10341100,120.35270100,特優級,民眾洽公場所,男廁所,山上區公所,0
67000,67000250,南化里,D250000011,南化區公所1F男廁,臺南市南化區南化村南化２３０號,南化區公所,23.04240600,120.47770300,特優級,民眾洽公場所,男廁所,南化區公所,0
67000,67000270,仁德里,D270000062,仁德戶政事務所仁德辦公處1F女廁,臺南市仁德區仁德村中山路606巷3號,仁德戶政事務所仁德辦公處,22.97227700,120.25122200,特優級,民眾洽公場所,女廁所,仁德戶政事務所仁德辦公處,0
67000,67000240,楠西里,D240000006,楠西區公所2F男廁,臺南市楠西區楠西村中正路２３０號,楠西區公所,23.17415000,120.48632100,特優級,民眾洽公場所,男廁所,楠西區公所,0
67000,67000240,楠西里,D240000007,楠西區公所2F女廁,臺南市楠西區楠西村中正路２３０號,楠西區公所,23.17415000,120.48632100,特優級,民眾洽公場所,女廁所,楠西區公所,0
67000,67000270,仁德里,D270000067,仁德區公所2F左側男廁,臺南市仁德區仁德村中正路三段5號,仁德區公所,22.97243400,120.25168100,特優級,民眾洽公場所,男廁所,仁德區公所,0
67000,67000280,許厝里,D280000105,歸仁文化中心行政大樓1F男廁,臺南市歸仁區許厝村信義南路78號,臺南市政府文化局,22.96410300,120.29805900,特優級,文化育樂活動場所,男廁所,臺南市政府文化局,0
67000,67000280,許厝里,D280000106,歸仁文化中心行政大樓1F女廁,臺南市歸仁區許厝村信義南路78號,臺南市政府文化局,22.96410300,120.29805900,特優級,文化育樂活動場所,女廁所,臺南市政府文化局,0
67000,67000300,崎頂里,D300000014,龍崎區衛生所1F混合廁,臺南市龍崎區崎頂村新市子１５８號,臺南市政府衛生局,22.96522500,120.36193100,特優級,民眾洽公場所,混合廁所,龍崎區衛生所,0
67000,67000300,崎頂里,D300000015,龍崎區衛生所1F無障礙廁,臺南市龍崎區崎頂村新市子１５８號,臺南市政府衛生局,22.96522500,120.36193100,特優級,民眾洽公場所,無障礙廁所,龍崎區衛生所,0
65000,65000020,錦通里,F020000853,中央市場1F-男廁,新北市三重區錦通里中央北路26號,新北市政府市場處,25.06433100,121.50082200,特優級,商業營業場所,男廁所,新北市政府市場處,0
67000,67000270,仁德里,D270000064,仁德區衛生所1F女廁,臺南市仁德區仁德村中山路606巷2號,臺南市政府衛生局,22.97271300,120.25147500,特優級,民眾洽公場所,女廁所,仁德區衛生所,0
67000,67000270,仁德里,D270000069,仁德區公所3F左側男廁,臺南市仁德區仁德村中正路三段5號,仁德區公所,22.97243400,120.25168100,特優級,民眾洽公場所,男廁所,仁德區公所,0
67000,67000280,後市里,D280000055,歸仁分局無障礙廁,臺南市歸仁區後市村中正南路一段1209號,臺南市政府警察局,22.94696000,120.27814800,特優級,民眾洽公場所,無障礙廁所,臺南市政府警察局-歸仁分局,0
67000,67000280,看西里,D280000110,歸仁文化中心行政大樓B1男廁,臺南市歸仁區看西村信義南路78號,臺南市政府文化局,22.96410300,120.29805900,特優級,文化育樂活動場所,男廁所,臺南市政府文化局,0
67000,67000290,香洋里,D290000024,關廟區公所1F男廁,臺南市關廟區香洋村中正路９９８號,關廟區公所,22.96297700,120.32769600,特優級,民眾洽公場所,男廁所,關廟區公所,0
67000,67000310,永康里,D310000038,永康區公所3F男廁,臺南市永康區永康里中山南路６５５號,永康區公所,23.02636200,120.25697400,特優級,民眾洽公場所,男廁所,永康區公所,0
65000,65000020,文化里,F020000838,麥當勞三重正義店2F-混合廁所,新北市三重區文化里正義北路15號,台灣麥當勞餐廰股份有限公司,25.06296100,121.49771600,特優級,商業營業場所,混合廁所,和德昌股份有限公司,0
65000,65000020,龍濱里,F020000876,龍濱公園-女廁,新北市三重區龍濱里龍門路嘉天宮前,新北市三重區公所,25.07233469,121.50506616,特優級,公園,女廁所,新北市三重區公所經建課,0
65000,65000020,崇德里,F020001068,三重崇德圖書館2F-女廁,新北市三重區崇德里仁孝街62號,新北市政府文化局,25.07437000,121.49730900,特優級,文化育樂活動場所,女廁所,新北市立圖書館三重崇德分館,0
65000,65000020,永福里,F020001317,三重義天宮-女廁,新北市三重區永福里車路頭街150號,新北市政府民政局,25.07617100,121.48372800,特優級,宗教禮儀場所,女廁所,三重義天宮,0
65000,65000020,福隆里,F020001348,中油聯華三重交流道加油站-男廁,新北市三重區福隆里三和路4段81-1號,聯華能源股份有限公司,25.07542600,121.48940500,特優級,商業營業場所,男廁所,台灣中油股份有限公司聯華三重交流道加油站,0
65000,65000020,慈生里,F020001399,肯德基三重三和店2F-男廁,新北市三重區慈生里三和路4段193號,怡和餐飲股份有限公司,25.07929000,121.48235500,特優級,商業營業場所,男廁所,富利餐飲股份有限公司三重三和店,0
65000,65000020,碧華里,F020001623,三重碧華寺-男廁,新北市三重區碧華里區碧華街236號,三重碧華寺,25.08273700,121.48730400,特優級,宗教禮儀場所,男廁所,三重碧華寺,0
65000,65000020,五谷里,F020001657,三重先嗇宮-女廁,新北市三重區五谷里五谷王北街77號,三重先嗇宮,25.05039400,121.47613500,特優級,宗教禮儀場所,女廁所,三重先嗇宮,0
65000,65000020,立德里,F020001688,228和平公園-男廁,新北市三重區立德里忠孝路2段與自強路口,新北市三重區公所,25.07133374,121.48710608,特優級,公園,男廁所,新北市三重區公所經建課,1
65000,65000030,連和里,F030000081,家樂福中和店B1-女廁,新北市中和區連和里中山路2段295號,家福股份有限公司,25.00194700,121.49644900,特優級,商業營業場所,女廁所,家福股份有限公司中和分公司安全課,1
67000,67000280,六甲里,D280000042,歸仁戶政事務所歸仁辦公處男廁,臺南市歸仁區六甲村中正南路一段1205號,歸仁戶政事務所歸仁辦公處,22.94760400,120.27812000,特優級,民眾洽公場所,男廁所,歸仁戶政事務所歸仁辦公處,0
67000,67000280,後市里,D280000079,歸仁區公所2F女廁,臺南市歸仁區後市村中山路二段2號,歸仁區公所,22.96724800,120.29393700,特優級,民眾洽公場所,女廁所,歸仁區公所,0
67000,67000300,崎頂里,D300000010,龍崎區公所1F女廁,臺南市龍崎區崎頂村新市子１０３號,龍崎區公所,22.96321000,120.36500900,特優級,民眾洽公場所,女廁所,龍崎區公所,0
67000,67000310,永康里,D310000042,永康戶政事務所永康辦公處男廁,臺南市永康區永康里大同街７３５號,永康戶政事務所永康辦公處,23.02098700,120.26300200,特優級,民眾洽公場所,男廁所,永康戶政事務所永康辦公處,0
65000,65000020,開元里,F020000862,開元公園-女廁,新北市三重區開元里開元街1號旁,新北市三重區公所,25.06614400,121.50312400,特優級,公園,女廁所,新北市三重區公所經建課,0
65000,65000020,六合里,F020001012,三張公園-男廁,新北市三重區六合里三張街與大智街口,新北市三重區公所,25.07038623,121.48944497,特優級,公園,男廁所,新北市三重區公所經建課,1
65000,65000020,崇德里,F020001070,三重玄峰慈惠堂-女廁,新北市三重區崇德里仁愛街77號,三重玄峰慈惠堂,25.07306800,121.49619800,特優級,宗教禮儀場所,女廁所,三重玄峰慈惠堂,0
65000,65000020,永福里,F020001315,永福閱覽室2F-女廁,新北市三重區永福里力行路2段162巷55號,新北市三重區公所,25.07651800,121.48130100,特優級,文化育樂活動場所,女廁所,新北市三重區公所民政課,0
67000,67000250,南化里,D250000010,南化區衛生所無障礙廁,臺南市南化區南化村南化２２６之１號,臺南市政府衛生局,23.04453100,120.47930600,特優級,民眾洽公場所,無障礙廁所,南化區衛生所,0
67000,67000280,後市里,D280000078,歸仁區公所2F男廁,臺南市歸仁區後市村中山路二段2號,歸仁區公所,22.96724800,120.29393700,特優級,民眾洽公場所,男廁所,歸仁區公所,0
67000,67000280,後市里,D280000080,歸仁區公所調解委員會混合廁,臺南市歸仁區後市村中山路二段2號,歸仁區公所,22.96730200,120.29428400,特優級,民眾洽公場所,混合廁所,歸仁區公所,0
67000,67000280,許厝里,D280000109,歸仁文化中心行政大樓3F女廁,臺南市歸仁區許厝村信義南路78號,臺南市政府文化局,22.96410300,120.29805900,特優級,文化育樂活動場所,女廁所,臺南市政府文化局,0
67000,67000280,許厝里,D280000111,歸仁文化中心行政大樓B1女廁,臺南市歸仁區許厝村信義南路78號,臺南市政府文化局,22.96410300,120.29805900,特優級,文化育樂活動場所,女廁所,臺南市政府文化局,0
67000,67000310,永康里,D310000043,永康地政事務所男廁,臺南市永康區永康里文化路５５號,臺南市政府地政局,23.01632200,120.26080900,特優級,民眾洽公場所,男廁所,永康地政事務,0
65000,65000020,文化里,F020000841,肯德基三重重新店2F-男廁,新北市三重區文化里重新路2段1-1號,富利餐飲股份有限公司,25.06301000,121.49947600,特優級,商業營業場所,男廁所,富利餐飲股份有限公司,0
65000,65000020,開元里,F020000861,開元公園-男廁,新北市三重區開元里開元街1號旁,新北市三重區公所,25.06614400,121.50312400,特優級,公園,男廁所,新北市三重區公所經建課,0
65000,65000020,龍濱里,F020000875,龍濱公園-男廁,新北市三重區龍濱里龍門路嘉天宮前,新北市三重區公所,25.07360200,121.50103200,特優級,公園,男廁所,新北市三重區公所經建課,0
65000,65000020,永福里,F020001314,永福閱覽室2F-男廁,新北市三重區永福里力行路2段162巷55號,新北市三重區公所,25.07567760,121.48119450,特優級,文化育樂活動場所,男廁所,新北市三重區公所民政課,0
65000,65000020,永福里,F020001316,三重義天宮-男廁,新北市三重區永福里車路頭街150號,新北市政府民政局,25.07617100,121.48372800,特優級,宗教禮儀場所,男廁所,三重義天宮,0
65000,65000020,福隆里,F020001347,中油楓林加油站-混合廁所,新北市三重區福隆里仁美街2號,楓林加油站股份有限公司,25.07708200,121.48895500,特優級,商業營業場所,混合廁所,台灣中油股份有限公司楓林加油站,0
65000,65000020,福隆里,F020001349,中油聯華三重交流道加油站-女廁,新北市三重區福隆里三和路4段81-1號,聯華能源股份有限公司,25.07542600,121.48940500,特優級,商業營業場所,女廁所,台灣中油股份有限公司聯華三重交流道加油站,0
65000,65000020,五谷里,F020001656,三重先嗇宮右側-男廁,新北市三重區五谷里五谷王北街77號,三重先嗇宮,25.05039400,121.47613500,特優級,宗教禮儀場所,男廁所,三重先嗇宮,0
65000,65000020,立德里,F020001689,228和平公園-女廁,新北市三重區立德里忠孝路2段與自強路口,新北市三重區公所,25.07102277,121.48637652,特優級,公園,女廁所,新北市三重區公所經建課,1
65000,65000030,連和里,F030000082,家樂福中和店B3-男廁,新北市中和區連和里中山路2段295號,家福股份有限公司,25.00219600,121.49587000,特優級,商業營業場所,男廁所,家福股份有限公司中和分公司安全課,0
67000,67000190,光文里,D190000031,善化區公所3F女廁,臺南市善化區光文里建國路１９０號,善化區公所,23.13238200,120.29675400,特優級,民眾洽公場所,女廁所,善化區公所,0
67000,67000190,光文里,D190000033,善化區衛生所1F女廁,臺南市善化區光文里中山路２００號,臺南市政府衛生局,23.13279600,120.29992100,特優級,民眾洽公場所,女廁所,善化區衛生所,0
67000,67000210,安定里,D210000030,安定區衛生所性別友善廁,臺南市安定區安定村安定59之1號,臺南市政府衛生局,23.12165000,120.23731700,特優級,民眾洽公場所,性別友善廁所,安定區衛生所,0
67000,67000240,楠西里,D240000001,玉井戶政事務所楠西辦公處男廁,臺南市楠西區楠西村中正路２３２號,玉井戶政事務所楠西辦公處,23.17402100,120.48647000,特優級,民眾洽公場所,男廁所,玉井戶政事務所楠西辦公處,0
67000,67000260,中正里,D260000028,左鎮區衛生所性別友善廁,臺南市左鎮區中正村中正１７２號之１５,臺南市政府衛生局,23.05669800,120.40898200,特優級,民眾洽公場所,性別友善廁所,左鎮區衛生所,0
67000,67000270,仁德里,D270000061,仁德戶政事務所仁德辦公處1F男廁,臺南市仁德區仁德村中山路606巷3號,仁德戶政事務所仁德辦公處,22.97227700,120.25122200,特優級,民眾洽公場所,男廁所,仁德戶政事務所仁德辦公處,0
67000,67000280,後市里,D280000077,歸仁區公所1F女廁,臺南市歸仁區後市村中山路二段2號,歸仁區公所,22.96724800,120.29393700,特優級,民眾洽公場所,女廁所,歸仁區公所,0
67000,67000280,看西里,D280000112,歸仁文化中心行政大樓3F親子廁,臺南市歸仁區看西村信義南路78號,臺南市政府文化局,22.96410300,120.29805900,特優級,文化育樂活動場所,親子廁所,臺南市政府文化局,0
67000,67000290,關廟里,D290000005,歸仁戶政事務所關廟辦公處混合廁,臺南市關廟區關廟村文衡路１９號,歸仁戶政事務所,22.96097500,120.32596800,特優級,民眾洽公場所,混合廁所,歸仁戶政事務所關廟辦公處,0
67000,67000310,永康里,D310000040,永康區衛生所1F男廁,臺南市永康區永康里文化路５１號,臺南市政府衛生局,23.01646100,120.26111600,特優級,民眾洽公場所,男廁所,永康區衛生所,0
65000,65000020,正安里,F020000829,麥當勞三重正義2店2F-混合廁所,新北市三重區正安里正義北路176號,台灣麥當勞餐廰股份有限公司,25.06652300,121.49650400,特優級,商業營業場所,混合廁所,和德昌股份有限公司,0
65000,65000020,龍濱里,F020000880,龍濱閱覽室2F-女廁,新北市三重區龍濱里秀江街28號,新北市三重區公所,25.07295600,121.50233500,特優級,文化育樂活動場所,女廁所,新北市三重區公所民政課,0
65000,65000020,幸福里,F020001007,果菜市場右側-女廁,新北市三重區幸福里中正北路111號,新北市果菜運銷股份有限公司,25.06497800,121.48635500,特優級,商業營業場所,女廁所,新北市果菜運銷股份有限公司,0
65000,65000020,培德里,F020001086,小永德公園-女廁,新北市三重區培德里忠孝路1段與大智街口,新北市三重區公所,25.07231525,121.48968101,特優級,公園,女廁所,新北市三重區公所經建課,0
65000,65000020,五常里,F020001353,五常公園-男廁,新北市三重區五常里五華街7巷,新北市三重區公所,25.08200331,121.49388034,特優級,公園,男廁所,新北市三重區公所經建課,0
65000,65000020,五常里,F020001355,五常公園-無障礙廁所,新北市三重區五常里五華街7巷,新北市三重區公所,25.08086600,121.49656800,特優級,公園,無障礙廁所,新北市三重區公所經建課,1
65000,65000020,五常里,F020001357,三重五常圖書館2F-女廁,新北市三重區五常里五華街7巷30號,新北市政府文化局,25.08086600,121.49656800,特優級,文化育樂活動場所,女廁所,新北市立圖書館三重五常分館,0
65000,65000020,碧華里,F020001624,三重碧華寺-女廁,新北市三重區碧華里區碧華街236號,三重碧華寺,25.08273700,121.48730400,特優級,宗教禮儀場所,女廁所,三重碧華寺,0
65000,65000020,五谷里,F020001627,中油重新路加油站-女廁,新北市三重區五谷里重新路5段495號,台灣中油股份有限公司,25.04687100,121.47242900,特優級,商業營業場所,女廁所,台灣中油股份有限公司重新路加油站,0
65000,65000030,中原里,F030000002,中油積穗加油站-男廁,新北市中和區中原里中山路2段550號,台灣中油股份有限公司,25.00513400,121.48365800,特優級,商業營業場所,男廁所,台灣中油股份有限公司積穗加油站,0
65000,65000030,中原里,F030000004,中油橋和加油站-男廁,新北市中和區中原里橋和路126號,華中橋加油站股份有限公司,25.00592500,121.49306900,特優級,商業營業場所,男廁所,中油橋和加油站,0
65000,65000030,連和里,F030000076,中油華中橋加油站-女廁,新北市中和區連和里連城路96號,華中橋加油站股份有限公司,25.00005300,121.49639400,特優級,商業營業場所,女廁所,中油華中橋加油站,0
65000,65000030,連和里,F030000096,威力購物廣場5F-男廁,新北市中和區連和里中山路2段291號,威力購物廣場管理中心,25.00204400,121.49582000,特優級,商業營業場所,男廁所,威力購物廣場管理中心物管部,0
65000,65000030,連和里,F030000098,威力購物廣場6F-男廁,新北市中和區連和里中山路2段291號,威力購物廣場管理中心,25.00204400,121.49582000,特優級,商業營業場所,男廁所,威力購物廣場管理中心物管部,0
67000,67000190,光文里,D190000032,善化區衛生所1F男廁,臺南市善化區光文里中山路２００號,臺南市政府衛生局,23.13279600,120.29992100,特優級,民眾洽公場所,男廁所,善化區衛生所,0
67000,67000190,光文里,D190000034,善化區衛生所2F混合廁,臺南市善化區光文里中山路２００號,臺南市政府衛生局,23.13279600,120.29992100,特優級,民眾洽公場所,混合廁所,善化區衛生所,0
67000,67000210,安定里,D210000012,安定區公所1F男廁,臺南市安定區安定村安定59號,安定區公所,23.12162000,120.23705800,特優級,民眾洽公場所,男廁所,安定區公所,0
67000,67000210,安定里,D210000031,安定區衛生所無障礙廁,臺南市安定區安定村安定59之1號,臺南市政府衛生局,23.12155200,120.23737500,特優級,民眾洽公場所,無障礙廁所,安定區衛生所,0
67000,67000220,南洲里,D220000011,山上區公所1F男廁,臺南市山上區南洲村南洲３２５號,山上區公所,23.10341100,120.35270100,特優級,民眾洽公場所,男廁所,山上區公所,0
67000,67000230,玉井里,D230000010,玉井區衛生所混合廁,臺南市玉井區玉井村中正路５號,臺南市政府衛生局,23.12223600,120.45923000,特優級,民眾洽公場所,混合廁所,玉井區衛生所,0
67000,67000260,中正里,D260000027,左鎮區公所1F男廁,臺南市左鎮區中正村中正１７１號之４,左鎮區公所,23.05677600,120.40865600,特優級,民眾洽公場所,男廁所,左鎮區公所,0
67000,67000260,中正里,D260000029,左鎮區衛生所無障礙廁,臺南市左鎮區中正村中正１７２號之１５,臺南市政府衛生局,23.05669800,120.40898200,特優級,民眾洽公場所,無障礙廁所,左鎮區衛生所,0
67000,67000280,後市里,D280000076,歸仁區公所1F男廁,臺南市歸仁區後市村中山路二段2號,歸仁區公所,22.96724800,120.29393700,特優級,民眾洽公場所,男廁所,歸仁區公所,0
67000,67000310,永康里,D310000041,永康區衛生所1F女廁,臺南市永康區永康里文化路５１號,臺南市政府衛生局,23.01646100,120.26111600,特優級,民眾洽公場所,女廁所,永康區衛生所,0
65000,65000020,龍濱里,F020000879,龍濱閱覽室2F-男廁,新北市三重區龍濱里秀江街28號,新北市三重區公所,25.07295600,121.50233500,特優級,文化育樂活動場所,男廁所,新北市三重區公所民政課,0
65000,65000020,幸福里,F020001006,果菜市場右側-男廁,新北市三重區幸福里中正北路111號,新北市果菜運銷股份有限公司,25.06497800,121.48635500,特優級,商業營業場所,男廁所,新北市果菜運銷股份有限公司,4
65000,65000020,尚德里,F020001077,中油重陽加油站-女廁,新北市三重區尚德里忠孝路1段1號,重陽橋加油站股份有限公司,25.07183100,121.49256300,特優級,商業營業場所,女廁所,台灣中油股份有限公司重陽加油站,0
65000,65000020,培德里,F020001085,小永德公園-男廁,新北市三重區培德里忠孝路1段與大智街口,新北市三重區公所,25.07222779,121.48963809,特優級,公園,男廁所,新北市三重區公所經建課,0
65000,65000020,五常里,F020001354,五常公園-女廁,新北市三重區五常里五華街7巷,新北市三重區公所,25.08086600,121.49656800,特優級,公園,女廁所,新北市三重區公所經建課,0
65000,65000020,五常里,F020001356,三重五常圖書館2F-男廁,新北市三重區五常里五華街7巷30號,新北市政府文化局,25.08086600,121.49656800,特優級,文化育樂活動場所,男廁所,新北市立圖書館三重五常分館,0
65000,65000020,五谷里,F020001626,中油重新路加油站-男廁,新北市三重區五谷里重新路5段495號,台灣中油股份有限公司,25.04687100,121.47242900,特優級,商業營業場所,男廁所,台灣中油股份有限公司重新路加油站,0
65000,65000020,五谷里,F020001652,珍豪大飯店-男廁,新北市三重區五谷里光復路1段67號,珍豪餐飲事業有限公司,25.04936400,121.47217600,特優級,其他,男廁所,珍豪大飯店,0
65000,65000030,中原里,F030000003,中油積穗加油站-女廁,新北市中和區中原里中山路2段550號,台灣中油股份有限公司,25.00513400,121.48365800,特優級,商業營業場所,女廁所,台灣中油股份有限公司積穗加油站,0
65000,65000030,中原里,F030000005,中油橋和加油站-女廁,新北市中和區中原里橋和路126號,華中橋加油站股份有限公司,25.00592500,121.49306900,特優級,商業營業場所,女廁所,中油橋和加油站,0
65000,65000030,連和里,F030000075,中油華中橋加油站-男廁,新北市中和區連和里連城路96號,華中橋加油站股份有限公司,25.00005300,121.49639400,特優級,商業營業場所,男廁所,中油華中橋加油站,0
65000,65000030,連和里,F030000080,家樂福中和店B1-男廁,新北市中和區連和里中山路2段295號,家福股份有限公司,25.00194700,121.49644900,特優級,商業營業場所,男廁所,家福股份有限公司中和分公司安全課,1
65000,65000030,連和里,F030000095,威力購物廣場4F-女廁,新北市中和區連和里中山路2段291號,威力購物廣場管理中心,25.00204400,121.49582000,特優級,商業營業場所,女廁所,威力購物廣場管理中心物管部,0
65000,65000030,連和里,F030000097,威力購物廣場5F-女廁,新北市中和區連和里中山路2段291號,威力購物廣場管理中心,25.00204400,121.49582000,特優級,商業營業場所,女廁所,威力購物廣場管理中心物管部,1
67000,67000250,南化里,D250000009,南化區衛生所混合廁,臺南市南化區南化村南化２２６之１號,臺南市政府衛生局,23.04453100,120.47930600,特優級,民眾洽公場所,混合廁所,南化區衛生所,0
67000,67000270,仁德里,D270000065,仁德區公所1F男廁,臺南市仁德區仁德村中正路三段5號,仁德區公所,22.97243400,120.25168100,特優級,民眾洽公場所,男廁所,仁德區公所,0
67000,67000270,仁德里,D270000066,仁德區公所1F女廁,臺南市仁德區仁德村中正路三段5號,仁德區公所,22.97243400,120.25168100,特優級,民眾洽公場所,女廁所,仁德區公所,0
67000,67000280,許厝里,D280000107,歸仁文化中心行政大樓2F男廁,臺南市歸仁區許厝村信義南路78號,臺南市政府文化局,22.96410300,120.29805900,特優級,文化育樂活動場所,男廁所,臺南市政府文化局,0
67000,67000280,許厝里,D280000108,歸仁文化中心行政大樓2F女廁,臺南市歸仁區許厝村信義南路78號,臺南市政府文化局,22.96410300,120.29805900,特優級,文化育樂活動場所,女廁所,臺南市政府文化局,0
67000,67000300,崎頂里,D300000012,龍崎區公所2F女廁,臺南市龍崎區崎頂村新市子１０３號,龍崎區公所,22.96321000,120.36500900,特優級,民眾洽公場所,女廁所,龍崎區公所,0
67000,67000310,永康里,D310000034,永康區公所1F性別友善廁,臺南市永康區永康里中山南路６５５號,永康區公所,23.02636200,120.25697400,特優級,民眾洽公場所,性別友善廁所,永康區公所,0
65000,65000020,文化里,F020000842,肯德基三重重新店2F-女廁,新北市三重區文化里重新路2段1-1號,富利餐飲股份有限公司,25.06301000,121.49947600,特優級,商業營業場所,女廁所,富利餐飲股份有限公司,0
65000,65000020,承德里,F020001058,三德閱覽室2F-女廁,新北市三重區承德里龍門路274巷36號,新北市三重區公所,25.07512300,121.50113600,特優級,文化育樂活動場所,女廁所,新北市三重區公所民政課,0
65000,65000020,承德里,F020001059,三德公園-男廁,新北市三重區承德里仁昌街109號,新北市三重區公所,25.07508900,121.50102100,特優級,公園,男廁所,新北市三重區公所經建課,0
65000,65000020,溪美里,F020001329,台亞自強加油站-男廁,新北市三重區溪美里自強路4段96號,台亞石油股份有限公司,25.07953500,121.49100700,優等級,商業營業場所,男廁所,台亞石油股份有限公司三重自強路站,0
65000,65000020,溪美里,F020001330,台亞自強加油站-女廁,新北市三重區溪美里自強路4段96號,台亞石油股份有限公司,25.07953500,121.49100700,特優級,商業營業場所,女廁所,台亞石油股份有限公司三重自強路站,0
65000,65000020,慈化里,F020001428,三重東區圖書館1F-無障礙廁所,新北市三重區慈化里溪尾街303號,新北市政府文化局,25.08357200,121.48761000,特優級,文化育樂活動場所,無障礙廁所,新北市立圖書館三重東區分館,0
65000,65000020,五華里,F020001442,麥當勞三重五華店2F-男廁,新北市三重區五華里五華街85-1號,台灣麥當勞餐廰股份有限公司,25.08323200,121.49208900,特優級,商業營業場所,男廁所,和德昌股份有限公司,0
65000,65000020,永發里,F020001662,中油車容坊三重站-男廁,新北市三重區永發里中正北路237號,車容坊股份有限公司,25.07089643,121.47573754,特優級,商業營業場所,男廁所,車容坊股份有限公司三重站,0
65000,65000020,大有里,F020001663,中油車容坊三重站-女廁,新北市三重區大有里中正北路237號,車容坊股份有限公司,25.07065800,121.47560100,特優級,商業營業場所,女廁所,車容坊股份有限公司三重站,0
65000,65000020,福隆里,F020001346,中油楓林加油站-男廁,新北市三重區福隆里仁美街2號,楓林加油站股份有限公司,25.07696500,121.48890300,特優級,商業營業場所,男廁所,台灣中油股份有限公司楓林加油站,0
65000,65000020,慈化里,F020001426,三重東區圖書館B1-男廁,新北市三重區慈化里溪尾街303號,新北市政府文化局,25.08357200,121.48761000,特優級,文化育樂活動場所,男廁所,新北市立圖書館三重東區分館,0
65000,65000020,五谷里,F020001653,珍豪大飯店-女廁,新北市三重區五谷里光復路1段67號,珍豪餐飲事業有限公司,25.04936400,121.47217600,特優級,其他,女廁所,珍豪大飯店,1
65000,65000020,永吉里,F020001661,三重玄武宮-混合廁所,新北市三重區永吉里車路頭街109巷1號,三重玄武宮,25.07456000,121.48449300,特優級,宗教禮儀場所,混合廁所,三重玄武宮,0
65000,65000030,中原里,F030000007,中油嘉尤加油站-女廁,新北市中和區中原里橋和路241號,竣鴻開發股份有限公司,25.00691700,121.49432500,特優級,商業營業場所,女廁所,中油嘉尤加油站,0
65000,65000030,平河里,F030000062,中油嘉樂福加油站-男廁,新北市中和區平河里建八路1號,台灣中油股份有限公司嘉樂福加油站,24.99875400,121.48560700,優等級,商業營業場所,男廁所,台灣中油股份有限公司嘉樂福加油站,0
65000,65000030,連和里,F030000083,家樂福中和店B3-女廁,新北市中和區連和里中山路2段295號,家福股份有限公司,25.00194700,121.49644900,特優級,商業營業場所,女廁所,家福股份有限公司中和分公司安全課,0
65000,65000030,連和里,F030000092,威力購物廣場3F-男廁,新北市中和區連和里中山路2段291號,威力購物廣場管理中心,25.00204400,121.49582000,特優級,商業營業場所,男廁所,威力購物廣場管理中心物管部,0
65000,65000030,漳和里,F030000259,中和市民活動中心2F-女廁,新北市中和區漳和里中和路74號,新北市中和區公所,25.00050800,121.50091400,特優級,社福機構、集會場所,女廁所,新北市中和區公所人文課,0
65000,65000030,福善里,F030000303,大潤發中和店1F-男廁,新北市中和區福善里中山路2段228號,潤泰全球股份有限公司,25.00288100,121.49920700,特優級,商業營業場所,男廁所,潤泰全球股份有限公司中和分公司,0
65000,65000030,福善里,F030000305,大潤發中和店B1-男廁,新北市中和區福善里中山路2段228號,潤泰全球股份有限公司,25.00288100,121.49920700,特優級,商業營業場所,男廁所,潤泰全球股份有限公司中和分公司,0
65000,65000030,泰安里,F030000360,中油中和加油站-女廁,新北市中和區泰安里中和路260號,台灣中油股份有限公司,24.99938300,121.50783100,特優級,商業營業場所,女廁所,台灣中油股份有限公司中和站,0
65000,65000030,秀福里,F030000407,秀山公園(公7)-女廁,新北市中和區秀福里自立路15巷12號,新北市中和區公所,24.99554400,121.52328300,特優級,公園,女廁所,新北市中和區公所經建課,0
65000,65000030,秀明里,F030000413,大潤發中和景平店B1-女廁,新北市中和區秀明里景平路182號,大潤發流通事業股份有限公司,24.99255600,121.51638000,特優級,商業營業場所,女廁所,大潤發流通事業股份有限公司中和分公司,0
65000,65000030,景文里,F030000660,捷運景安站1F-男廁,新北市中和區景文里景平路486號,臺北大眾捷運股份有限公司,24.99391400,121.50495400,特優級,交通,男廁所,台北大眾捷運股份有限公司,1
65000,65000030,錦昌里,F030000674,中和圓通禪寺東側-男廁,新北市中和區錦昌里圓通路367巷64號,中和圓通禪寺,24.98260000,121.49297400,特優級,宗教禮儀場所,男廁所,中和圓通襌寺,0
65000,65000030,連和里,F030000084,COSTCO中和店-男廁,新北市中和區連和里中山路二段347號,好市多股份有限公司,25.00221700,121.49197800,特優級,商業營業場所,男廁所,好市多股份有限公司,0
65000,65000030,連和里,F030000091,威力購物廣場2F-女廁,新北市中和區連和里中山路2段291號,威力購物廣場管理中心,25.00204400,121.49582000,特優級,商業營業場所,女廁所,威力購物廣場管理中心物管部,0
65000,65000030,連和里,F030000093,威力購物廣場3F-女廁,新北市中和區連和里中山路2段291號,威力購物廣場管理中心,25.00204400,121.49582000,特優級,商業營業場所,女廁所,威力購物廣場管理中心物管部,0
65000,65000030,漳和里,F030000234,中和國小地下停車場B1-男廁,新北市中和區漳和里景平路632-8號,新北市政府交通局,24.99921400,121.50066700,特優級,交通,男廁所,大日開發有限公司,0
65000,65000030,漳和里,F030000261,中和區公所1F-男廁,新北市中和區漳和里景平路634-2號,新北市中和區公所,24.99845600,121.50091400,特優級,民眾洽公場所,男廁所,新北市中和區公所秘書室,1
65000,65000030,東南里,F030000504,麥當勞中和興南店-1F男廁,新北市中和區東南里興南路1段83號,台灣麥當勞餐廳股份有限公司,24.98874500,121.50982300,特優級,商業營業場所,男廁所,台灣麥當勞餐廳股份有限公司中和興南分公司,0
65000,65000030,東南里,F030000506,肯德基中和興南店1F-混合廁所,新北市中和區東南里興南路1段79號,怡和餐飲股份有限公司,24.98874500,121.50982300,特優級,商業營業場所,混合廁所,怡和餐飲股份有限公司中和興南分公司,0
65000,65000030,外南里,F030000611,中和區圖書館6F-女廁,新北市中和區外南里南山路236號,新北市政府文化局,24.98969400,121.50645600,特優級,文化育樂活動場所,女廁所,新北市立圖書館中和分館,0
67000,67000270,仁德里,D270000063,仁德區衛生所1F性別友善廁,臺南市仁德區仁德村中山路606巷2號,臺南市政府衛生局,22.97271300,120.25147500,特優級,民眾洽公場所,性別友善廁所,仁德區衛生所,0
67000,67000270,仁德里,D270000068,仁德區公所2F左側女廁,臺南市仁德區仁德村中正路三段5號,仁德區公所,22.97243400,120.25168100,特優級,民眾洽公場所,女廁所,仁德區公所,0
67000,67000270,仁德里,D270000070,仁德區公所3F左側女廁,臺南市仁德區仁德村中正路三段5號,仁德區公所,22.97243400,120.25168100,特優級,民眾洽公場所,女廁所,仁德區公所,0
67000,67000290,山西里,D290000012,關廟區衛生所1F混合廁,臺南市關廟區山西村中正路１０００號,臺南市政府衛生局,22.96300300,120.32728800,特優級,民眾洽公場所,混合廁所,關廟區衛生所,0
67000,67000300,崎頂里,D300000013,龍崎區公所1F男廁,臺南市龍崎區崎頂村新市子１０３號,龍崎區公所,22.96321000,120.36500900,特優級,民眾洽公場所,男廁所,龍崎區公所,0
67000,67000300,崎頂里,D300000011,龍崎區公所2F男廁,臺南市龍崎區崎頂村新市子１０３號,龍崎區公所,22.96321000,120.36500900,特優級,民眾洽公場所,男廁所,龍崎區公所,0
67000,67000310,永康里,D310000037,永康區公所2F女廁,臺南市永康區永康里中山南路６５５號,永康區公所,23.02636200,120.25697400,特優級,民眾洽公場所,女廁所,永康區公所,0
65000,65000020,六合里,F020001013,三張公園-女廁,新北市三重區六合里三張街與大智街口,新北市三重區公所,25.07044940,121.48953080,特優級,公園,女廁所,新北市三重區公所經建課,1
65000,65000020,崇德里,F020001069,三重玄峰慈惠堂-男廁,新北市三重區崇德里仁愛街77號,三重玄峰慈惠堂,25.07306800,121.49619800,特優級,宗教禮儀場所,男廁所,三重玄峰慈惠堂,0
65000,65000020,尚德里,F020001076,中油重陽加油站-男廁,新北市三重區尚德里忠孝路1段1號,重陽橋加油站股份有限公司,25.07183100,121.49256300,特優級,商業營業場所,男廁所,台灣中油股份有限公司重陽加油站,0
65000,65000020,慈生里,F020001400,肯德基三重三和店2F-女廁,新北市三重區慈生里三和路4段193號,怡和餐飲股份有限公司,25.07922900,121.48220300,特優級,商業營業場所,女廁所,富利餐飲股份有限公司三重三和店,0
65000,65000020,慈化里,F020001427,三重東區圖書館B1-女廁,新北市三重區慈化里溪尾街303號,新北市政府文化局,25.08357200,121.48761000,特優級,文化育樂活動場所,女廁所,新北市立圖書館三重東區分館,0
65000,65000020,五華里,F020001443,麥當勞三重五華店2F-女廁,新北市三重區五華里五華街85-1號,台灣麥當勞餐廰股份有限公司,25.08323200,121.49208900,特優級,商業營業場所,女廁所,和德昌股份有限公司,0
65000,65000030,中原里,F030000006,中油嘉尤加油站-男廁,新北市中和區中原里橋和路241號,竣鴻開發股份有限公司,25.00691700,121.49432500,特優級,商業營業場所,男廁所,中油嘉尤加油站,0
65000,65000030,平河里,F030000063,中油嘉樂福加油站-女廁,新北市中和區平河里建八路2號,台灣中油股份有限公司嘉樂福加油站,24.99875400,121.48560700,優等級,商業營業場所,女廁所,台灣中油股份有限公司嘉樂福加油站,0
65000,65000030,連和里,F030000100,威力購物廣場7F-男廁,新北市中和區連和里中山路2段291號,威力購物廣場管理中心,25.00204400,121.49582000,特優級,商業營業場所,男廁所,威力購物廣場管理中心物管部,0
65000,65000030,連和里,F030000102,威力購物廣場10F-男廁,新北市中和區連和里中山路二段291號,威力購物廣場管理中心,25.00204400,121.49582000,特優級,商業營業場所,男廁所,威力購物廣場管理中心,0
65000,65000030,漳和里,F030000199,全宏加油站二站-女廁,新北市中和區漳和里中和路212號,"台灣中油股份有限公司 全宏二站",24.99949300,121.50574300,優等級,商業營業場所,女廁所,"台灣中油股份有限公司 全宏二站",0
65000,65000030,漳和里,F030000201,中和枋寮市場1F-女廁,新北市中和區漳和里中和路74號,新北市政府市場處,25.00050800,121.50091400,優等級,商業營業場所,女廁所,新北市政府市場處,0
65000,65000030,福善里,F030000307,大潤發中和店B2-男廁,新北市中和區福善里中山路2段228號,潤泰全球股份有限公司,25.00288100,121.49920700,特優級,商業營業場所,男廁所,潤泰全球股份有限公司中和分公司,0
65000,65000030,安樂里,F030000334,八二三紀念公園西南側(公四)-女廁,新北市中和區安樂里中安街派出所後,新北市中和區公所,24.99985500,121.51140000,特優級,公園,女廁所,新北市中和區公所經建課,0
65000,65000030,中安里,F030000336,捷運永安市場站-女廁,新北市中和區中安里中安街388號,臺北大眾捷運股份有限公司,25.00222300,121.51067200,特優級,交通,女廁所,台北大眾捷運股份有限公司永安市場站,0
65000,65000030,積穗里,F030000678,北基中和加油站-男廁,新北市中和區積穗里中山路3段53號,北基國際股份有限公司,25.00560700,121.47679100,特優級,商業營業場所,男廁所,北基中和加油站,0
65000,65000030,積穗里,F030000680,麥當勞中和中山店1F-男廁,新北市中和區積穗里中山路2段583號,台灣麥當勞餐廳股份有限公司,25.00565300,121.48039200,特優級,商業營業場所,男廁所,台灣麥當勞餐廳股份有限公司中和中山分公司,0
65000,65000030,連和里,F030000094,威力購物廣場4F-男廁,新北市中和區連和里中山路2段291號,威力購物廣場管理中心,25.00204400,121.49582000,特優級,商業營業場所,男廁所,威力購物廣場管理中心物管部,0
65000,65000030,連和里,F030000101,威力購物廣場7F-女廁,新北市中和區連和里中山路2段291號,威力購物廣場管理中心,25.00204400,121.49582000,特優級,商業營業場所,女廁所,威力購物廣場管理中心物管部,1
65000,65000030,漳和里,F030000198,全宏加油站二站-男廁,新北市中和區漳和里中和路212號,"台灣中油股份有限公司 全宏二站",24.99949300,121.50574300,優等級,商業營業場所,男廁所,"台灣中油股份有限公司 全宏二站",0
65000,65000030,漳和里,F030000262,中和區公所1F-女廁,新北市中和區漳和里景平路634-2號,新北市中和區公所,24.99845600,121.50091400,特優級,民眾洽公場所,女廁所,新北市中和區公所秘書室,1
65000,65000030,福善里,F030000306,大潤發中和店B1-女廁,新北市中和區福善里中山路2段228號,潤泰全球股份有限公司,25.00288100,121.49920700,特優級,商業營業場所,女廁所,潤泰全球股份有限公司中和分公司,0
65000,65000030,泰安里,F030000359,中油中和加油站-男廁,新北市中和區泰安里中和路260號,台灣中油股份有限公司,24.99938300,121.50783100,特優級,商業營業場所,男廁所,台灣中油股份有限公司中和站,0
65000,65000030,東南里,F030000505,麥當勞中和興南店1F-女廁,新北市中和區東南里興南路1段83號,台灣麥當勞餐廳股份有限公司,24.98874500,121.50982300,特優級,商業營業場所,女廁所,台灣麥當勞餐廳股份有限公司中和興南分公司,0
65000,65000030,外南里,F030000610,中和區圖書館6F-男廁,新北市中和區外南里南山路236號,新北市政府文化局,24.98969400,121.50645600,特優級,文化育樂活動場所,男廁所,新北市立圖書館中和分館,0
65000,65000020,錦通里,F020000854,中央市場1F-女廁,新北市三重區錦通里中央北路26號,新北市政府市場處,25.06433100,121.50082200,特優級,商業營業場所,女廁所,中央公有零售市場,0
65000,65000020,承德里,F020001057,三德閱覽室2F-男廁,新北市三重區承德里龍門路274巷36號,新北市三重區公所,25.07512400,121.50113600,特優級,文化育樂活動場所,男廁所,新北市三重區公所民政課,0
65000,65000020,承德里,F020001060,三德公園-女廁,新北市三重區承德里仁昌街109號,新北市三重區公所,25.07508900,121.50102100,特優級,公園,女廁所,新北市三重區公所經建課,0
65000,65000020,崇德里,F020001067,三重崇德圖書館2F-男廁,新北市三重區崇德里仁孝街62號,新北市政府文化局,25.07437000,121.49730900,特優級,文化育樂活動場所,男廁所,新北市立圖書館三重崇德分館,0
65000,65000020,永清里,F020001327,麥當勞三重三和店2F-男廁,新北市三重區永清里三和路4段392-1號,台灣麥當勞餐廰股份有限公司,25.07933600,121.48176800,特優級,商業營業場所,男廁所,和德昌股份有限公司,0
65000,65000020,永清里,F020001328,麥當勞三重三和店2F-女廁,新北市三重區永清里三和路4段392-1號,台灣麥當勞餐廰股份有限公司,25.07933600,121.48176800,特優級,商業營業場所,女廁所,和德昌股份有限公司,0
65000,65000020,富貴里,F020001446,中油重陽橋加油站-男廁,新北市三重區富貴里集賢路72號,重陽橋加油站股份有限公司,25.08845900,121.49288300,特優級,商業營業場所,男廁所,台灣中油股份有限公司重陽橋加油站,0
65000,65000020,富貴里,F020001447,中油重陽橋加油站-女廁,新北市三重區富貴里集賢路72號,重陽橋加油站股份有限公司,25.08852849,121.49299085,特優級,商業營業場所,女廁所,台灣中油股份有限公司重陽橋加油站,0
65000,65000020,永發里,F020001678,三重太璞宮(仙公廟)-男廁,新北市三重區永發里中正北路317巷1號,三重太璞宮,25.07146000,121.47490200,特優級,宗教禮儀場所,男廁所,三重太璞宮,0
65000,65000020,永發里,F020001679,三重太璞宮(仙公廟)-女廁,新北市三重區永發里中正北路317巷1號,三重太璞宮,25.07146000,121.47490200,特優級,宗教禮儀場所,女廁所,三重太璞宮,0
65000,65000030,平河里,F030000058,全宏加油站-男廁,新北市中和區平河里中正路828號,全宏加油站股份有限公司,25.00357400,121.48494400,特優級,商業營業場所,男廁所,全宏加油站股份有限公司,0
65000,65000030,平河里,F030000059,全宏加油站-女廁,新北市中和區平河里中正路829號,全宏加油站股份有限公司,25.00357400,121.48494400,特優級,商業營業場所,女廁所,全宏加油站股份有限公司,0
65000,65000030,連和里,F030000086,COSTCO中和店B1-男廁,新北市中和區連和里中山路2段347號,台灣好事多總公司,25.00221700,121.49197800,特優級,商業營業場所,男廁所,台灣好市多股份有限公司中和分公司,0
65000,65000030,連和里,F030000087,COSTCO中和店B1-女廁,新北市中和區連和里中山路2段347號,台灣好事多總公司,25.00221700,121.49197800,特優級,商業營業場所,女廁所,台灣好市多股份有限公司中和分公司,4
65000,65000030,枋寮里,F030000196,中和廣濟宮-男廁,新北市中和區枋寮里中和路95號,中和廣濟宮,25.00062600,121.50129600,特優級,宗教禮儀場所,男廁所,中和廣濟宮,0
65000,65000030,枋寮里,F030000197,中和廣濟宮-女廁,新北市中和區枋寮里中和路95號,中和廣濟宮,25.00062600,121.50129600,特優級,宗教禮儀場所,女廁所,中和廣濟宮,0
65000,65000030,連和里,F030000099,威力購物廣場6F-女廁,新北市中和區連和里中山路2段291號,威力購物廣場管理中心,25.00204400,121.49582000,特優級,商業營業場所,女廁所,威力購物廣場管理中心物管部,1
65000,65000030,漳和里,F030000260,中和市民活動中心2F-男廁,新北市中和區漳和里中和路74號,新北市中和區公所,25.00050800,121.50091400,特優級,社福機構、集會場所,男廁所,新北市中和區公所人文課,0
65000,65000030,福善里,F030000304,大潤發中和店1F-女廁,新北市中和區福善里中山路2段228號,潤泰全球股份有限公司,25.00288100,121.49920700,特優級,商業營業場所,女廁所,潤泰全球股份有限公司中和分公司,0
65000,65000030,秀福里,F030000406,秀山公園(公7)-男廁,新北市中和區秀福里自立路15巷12號,新北市中和區公所,24.99554400,121.52328300,特優級,公園,男廁所,新北市中和區公所經建課,0
65000,65000030,秀明里,F030000412,大潤發中和景平店B1-男廁,新北市中和區秀明里景平路182號,大潤發流通事業股份有限公司,24.99255600,121.51638000,特優級,商業營業場所,男廁所,大潤發流通事業股份有限公司中和分公司,0
65000,65000030,景文里,F030000661,捷運景安站1F-女廁,新北市中和區景文里景平路486號,臺北大眾捷運股份有限公司,24.99391400,121.50495400,特優級,交通,女廁所,台北大眾捷運股份有限公司,1
65000,65000030,錦昌里,F030000675,中和圓通禪寺東側-女廁,新北市中和區錦昌里圓通路367巷64號,中和圓通禪寺,24.98260000,121.49297400,特優級,宗教禮儀場所,女廁所,中和圓通禪寺,0
65000,65000030,員山里,F030000695,中和環球購物中心2F南側-男廁,新北市中和區員山里中山路3段122號,環球購物中心股份有限公司,25.00607700,121.47568900,特優級,商業營業場所,男廁所,環球購物中心股份有限公司中和分公司,1
65000,65000030,廟美里,F030000290,麥當勞中和店2F-混合廁所,新北市中和區廟美里中和路38號,台灣麥當勞餐廳股份有限公司,25.00150400,121.49995300,特優級,商業營業場所,混合廁所,台灣麥當勞餐廳股份有限公司中和分公司,0
65000,65000030,安樂里,F030000331,八二三紀念公園東北側(公四)-性別友善廁所,新北市中和區安樂里安樂路公園內,新北市中和區公所,25.00172200,121.51453300,特優級,公園,性別友善廁所,新北市中和區公所經建課,1
65000,65000030,安樂里,F030000332,八二三紀念公園東北側(公四)-女廁,新北市中和區安樂里安樂路公園內,新北市中和區公所,25.00172200,121.51453300,特優級,公園,女廁所,新北市中和區公所經建課,1
65000,65000030,內南里,F030000580,中和南山福德宮-男廁,新北市中和區內南里興南路2段399巷160-1號,新北市中和區公所民政課,24.97274300,121.49771300,特優級,宗教禮儀場所,男廁所,中和南山福德宮,0
65000,65000030,內南里,F030000581,中和南山福德宮-女廁,新北市中和區內南里興南路2段399巷160-1號,新北市中和區公所民政課,24.97274300,121.49771300,特優級,宗教禮儀場所,女廁所,中和南山福德宮,0
65000,65000030,員山里,F030000689,中和環球購物中心B3北側-男廁,新北市中和區員山里中山路3段122號,環球購物中心股份有限公司,25.00607700,121.47568900,特優級,商業營業場所,男廁所,環球購物中心股份有限公司中和分公司,0
65000,65000030,員山里,F030000703,中和環球購物中心4F410櫃位旁-男廁,新北市中和區員山里中山路3段122號,環球購物中心股份有限公司,25.00607700,121.47568900,特優級,商業營業場所,男廁所,環球購物中心股份有限公司中和分公司,0
65000,65000030,員山里,F030000704,中和環球購物中心4F410櫃位旁-女廁,新北市中和區員山里中山路3段122號,環球購物中心股份有限公司,25.00607700,121.47568900,特優級,商業營業場所,女廁所,環球購物中心股份有限公司中和分公司,0
65000,65000030,連和里,F030000103,威力購物廣場10F-女廁,新北市中和區連和里中山路二段291號,威力購物廣場管理中心,25.00204400,121.49582000,特優級,商業營業場所,女廁所,威力購物廣場管理中心,0
65000,65000030,漳和里,F030000200,中和枋寮市場1F-男廁,新北市中和區漳和里中和路74號,新北市政府市場處,25.00057700,121.50096100,優等級,商業營業場所,男廁所,新北市政府市場處,0
65000,65000030,漳和里,F030000235,中和國小地下停車場B1-女廁,新北市中和區漳和里景平路632-8號,新北市政府交通局,24.99921400,121.50066700,特優級,交通,女廁所,大日開發有限公司,1
65000,65000030,福善里,F030000308,大潤發中和店B2-女廁,新北市中和區福善里中山路2段228號,潤泰全球股份有限公司,25.00288100,121.49920700,特優級,商業營業場所,女廁所,潤泰全球股份有限公司中和分公司,0
65000,65000030,中安里,F030000335,捷運永安市場站-男廁,新北市中和區中安里中安街388號,臺北大眾捷運股份有限公司,25.00222300,121.51067200,特優級,交通,男廁所,台北大眾捷運股份有限公司永安市場站,1
65000,65000030,景福里,F030000654,捷運南勢角站B3-男廁,新北市中和區景福里捷運路6號,臺北大眾捷運股份有限公司,24.99001700,121.50927600,特優級,交通,男廁所,台北大眾捷運股份有限公司南勢角站,0
65000,65000030,積穗里,F030000679,北基中和加油站-女廁,新北市中和區積穗里中山路3段54號,北基國際股份有限公司,25.00560700,121.47679100,特優級,商業營業場所,女廁所,北基中和加油站,0
65000,65000030,員山里,F030000700,中和環球購物中心3F南側-女廁,新北市中和區員山里中山路3段122號,環球購物中心股份有限公司,25.00607700,121.47568900,特優級,商業營業場所,女廁所,環球購物中心股份有限公司中和分公司,1
65000,65000030,平河里,F030000061,全國國揚加油站-混合廁所,新北市中和區平河里中正路830號,全國加油站股份有限公司,25.00396100,121.48487500,特優級,商業營業場所,混合廁所,全國加油站股份有限公司國揚站,0
65000,65000030,連和里,F030000085,COSTCO中和店-女廁,新北市中和區連和里中山路二段347號,好市多股份有限公司,25.00221700,121.49197800,特優級,商業營業場所,女廁所,好市多股份有限公司,0
65000,65000030,連和里,F030000090,威力購物廣場2F-男廁,新北市中和區連和里中山路2段291號,威力購物廣場管理中心,25.00204400,121.49582000,特優級,商業營業場所,男廁所,威力購物廣場管理中心物管部,0
65000,65000030,廟美里,F030000300,中和福和宮1F-男廁,新北市中和區廟美里廣福路112號,中和福和宮,25.00135600,121.50098800,特優級,宗教禮儀場所,男廁所,中和福和宮,0
65000,65000030,廟美里,F030000301,中和福和宮1F-女廁,新北市中和區廟美里廣福路112號,中和福和宮,25.00135600,121.50098800,特優級,宗教禮儀場所,女廁所,中和福和宮,0
65000,65000030,安樂里,F030000333,八二三紀念公園西南側(公四)-性別友善廁所,新北市中和區安樂里中安街派出所後,新北市中和區公所,24.99985500,121.51140000,特優級,公園,性別友善廁所,新北市中和區公所經建課,1
65000,65000030,景南里,F030000556,景新公園-男廁,新北市中和區景南里景新街467巷50弄20號山上,新北市中和區公所,24.98805500,121.51354500,特優級,公園,男廁所,新北市中和區公所經建課,0
65000,65000030,景南里,F030000557,景新公園-女廁,新北市中和區景南里景新街467巷50弄20號山上,新北市中和區公所,24.98805500,121.51354500,特優級,公園,女廁所,新北市中和區公所經建課,0
65000,65000030,員山里,F030000697,中和環球購物中心2F北側-男廁,新北市中和區員山里中山路3段122號,環球購物中心股份有限公司,25.00607700,121.47568900,特優級,商業營業場所,男廁所,環球購物中心股份有限公司中和分公司,0
65000,65000030,員山里,F030000712,中和環球購物中心5F北側-女廁,新北市中和區員山里中山路3段122號,環球購物中心股份有限公司,25.00607700,121.47568900,特優級,商業營業場所,女廁所,環球購物中心股份有限公司中和分公司,0
65000,65000030,嘉穗里,F030000732,嘉穗公園(公十一)-女廁,新北市中和區嘉穗里民利街10巷底,新北市中和區公所,24.99860200,121.48043800,特優級,公園,女廁所,新北市中和區公所經建課,0
65000,65000030,自強里,F030000869,自強公園(公廿)-男廁,新北市中和區自強里莒光路與國光街交叉口,新北市中和區公所,24.99943000,121.47163100,特優級,公園,男廁所,新北市中和區公所經建課,0
65000,65000030,自強里,F030000916,莒西社區1F-混合廁所,新北市中和區自強里莒光路200-3號,新北市中和區公所,24.99889900,121.47202200,優等級,社福機構、集會場所,混合廁所,新北市中和區公所社會課,0
65000,65000030,民有里,F030001120,民享市場1F北側-男廁,新北市中和區民有里民享街37號,新北市政府市場處,25.00307200,121.47416300,優等級,商業營業場所,男廁所,新北市政府市場處,0
65000,65000030,民有里,F030001122,民享市場1F南側-男廁,新北市中和區民有里民享街37號,新北市政府市場處,25.00307200,121.47416300,優等級,商業營業場所,男廁所,新北市政府市場處,0
65000,65000040,永樂里,F040000641,永安公有零售市場-無障礙廁所,新北市永和區永樂里安樂路431號,新北市政府市場處,25.00421500,121.51426700,特優級,商業營業場所,無障礙廁所,新北市政府市場管理處,0
65000,65000030,景福里,F030000655,捷運南勢角站B3-女廁,新北市中和區景福里捷運路6號,臺北大眾捷運股份有限公司,24.99001700,121.50927600,特優級,交通,女廁所,台北大眾捷運股份有限公司南勢角站,1
65000,65000030,員山里,F030000699,中和環球購物中心3F南側-男廁,新北市中和區員山里中山路3段122號,環球購物中心股份有限公司,25.00607700,121.47568900,特優級,商業營業場所,男廁所,環球購物中心股份有限公司中和分公司,1
65000,65000030,員山里,F030000701,中和環球購物中心3F北側-男廁,新北市中和區員山里中山路3段122號,環球購物中心股份有限公司,25.00607700,121.47568900,特優級,商業營業場所,男廁所,環球購物中心股份有限公司中和分公司,0
65000,65000030,員山里,F030000706,中和環球購物中心4F環球影城北側-女廁,新北市中和區員山里中山路3段122號,環球購物中心股份有限公司,25.00607700,121.47568900,特優級,商業營業場所,女廁所,環球購物中心股份有限公司中和分公司,1
65000,65000030,員山里,F030000708,中和環球購物中心4F環球影城南側-女廁,新北市中和區員山里中山路3段122號,環球購物中心股份有限公司,25.00607700,121.47568900,特優級,商業營業場所,女廁所,環球購物中心股份有限公司中和分公司,1
65000,65000030,員山里,F030000710,中和環球購物中心5F南側-女廁,新北市中和區員山里中山路3段122號,環球購物中心股份有限公司,25.00607700,121.47568900,特優級,商業營業場所,女廁所,環球購物中心股份有限公司中和分公司,0
65000,65000030,壽德里,F030000926,中油莒光加油站-女廁,新北市中和區壽德里莒光路260號,莒光路加氣站股份有限公司,24.99395000,121.46753400,特優級,商業營業場所,女廁所,中油莒光加氣站,0
65000,65000030,明德里,F030000933,華福公園(公廿一)-女廁,新北市中和區明德里華福街與平街交叉口,新北市中和區公所,24.99556800,121.46779400,特優級,公園,女廁所,新北市中和區公所經建課,0
65000,65000030,積穗里,F030000681,麥當勞中和中山店1F-女廁,新北市中和區積穗里中山路2段583號,台灣麥當勞餐廳股份有限公司,25.00565300,121.48039200,特優級,商業營業場所,女廁所,台灣麥當勞餐廳股份有限公司中和中山分公司,0
65000,65000030,員山里,F030000691,中和環球購物中心B2-男廁,新北市中和區員山里中山路3段122號,環球購物中心股份有限公司,25.00607700,121.47568900,特優級,商業營業場所,男廁所,環球購物中心股份有限公司中和分公司,1
65000,65000030,員山里,F030000698,中和環球購物中心2F北側-女廁,新北市中和區員山里中山路3段122號,環球購物中心股份有限公司,25.00607700,121.47568900,特優級,商業營業場所,女廁所,環球購物中心股份有限公司中和分公司,1
65000,65000030,員山里,F030000709,中和環球購物中心5F南側-男廁,新北市中和區員山里中山路3段122號,環球購物中心股份有限公司,25.00607700,121.47568900,特優級,商業營業場所,男廁所,環球購物中心股份有限公司中和分公司,0
65000,65000030,嘉新里,F030000754,員山公園(公八)-女廁,新北市中和區嘉新里員山路455巷底,新北市中和區公所,25.00420300,121.48041200,特優級,公園,女廁所,新北市中和區公所經建課,0
65000,65000030,自強里,F030000861,清穗公園(B)(公廿九)-男廁,新北市中和區自強里民德路189巷口,新北市中和區公所,24.99887800,121.46981100,特優級,公園,男廁所,新北市中和區公所經建課,0
65000,65000030,明德里,F030000932,華福公園(公廿一)-男廁,新北市中和區明德里華福街與平街交叉口,新北市中和區公所,24.99556800,121.46779400,特優級,公園,男廁所,新北市中和區公所經建課,0
65000,65000040,保安里,F040000092,仁愛公園(保生路)-女廁,新北市永和區保安里仁愛路244號,新北市永和區公所,25.01136000,121.50772400,特優級,公園,女廁所,新北市永和區公所經建課,0
65000,65000030,員山里,F030000696,中和環球購物中心2F南側-女廁,新北市中和區員山里中山路3段122號,環球購物中心股份有限公司,25.00607700,121.47568900,特優級,商業營業場所,女廁所,環球購物中心股份有限公司中和分公司,1
65000,65000030,員山里,F030000711,中和環球購物中心5F北側-男廁,新北市中和區員山里中山路3段122號,環球購物中心股份有限公司,25.00607700,121.47568900,特優級,商業營業場所,男廁所,環球購物中心股份有限公司中和分公司,0
65000,65000030,嘉穗里,F030000731,嘉穗公園(公十一)-男廁,新北市中和區嘉穗里民利街9巷底,新北市中和區公所,24.99860200,121.48043800,特優級,公園,男廁所,新北市中和區公所經建課,0
65000,65000030,自強里,F030000870,自強公園(公廿)-女廁,新北市中和區自強里莒光路與國光街交叉口,新北市中和區公所,24.99943000,121.47163100,特優級,公園,女廁所,新北市中和區公所經建課,0
65000,65000030,民有里,F030001121,民享市場1F北側-女廁,新北市中和區民有里民享街37號,新北市政府市場處,25.00307200,121.47416300,優等級,商業營業場所,女廁所,新北市政府市場處,0
65000,65000030,民有里,F030001123,民享市場1F南側-女廁,新北市中和區民有里民享街37號,新北市政府市場處,25.00357300,121.47413000,優等級,商業營業場所,女廁所,新北市政府市場處,0
65000,65000040,豫溪里,F040000057,國父紀念館-女廁,新北市永和區豫溪里竹林路202號,新北市政府文化局,25.00870400,121.52048800,特優級,文化育樂活動場所,女廁所,新北市永和區公所,0
10020,10020010,義教里,I010000803,耐斯百貨8F男廁,嘉義市東　區義教里忠孝路600號,耐斯廣場股份有限公司,23.49694100,120.45241400,特優級,商業營業場所,男廁所,耐斯廣場股份有限公司,0
65000,65000030,員山里,F030000690,中和環球購物中心B3北側-女廁,新北市中和區員山里中山路3段122號,環球購物中心股份有限公司,25.00607700,121.47568900,特優級,商業營業場所,女廁所,環球購物中心股份有限公司中和分公司,0
65000,65000030,員山里,F030000692,中和環球購物中心B2-女廁,新北市中和區員山里中山路3段122號,環球購物中心股份有限公司,25.00607700,121.47568900,特優級,商業營業場所,女廁所,環球購物中心股份有限公司中和分公司,1
65000,65000030,嘉新里,F030000753,員山公園(公八)-男廁,新北市中和區嘉新里員山路455巷底,新北市中和區公所,25.00411500,121.47959500,特優級,公園,男廁所,新北市中和區公所經建課,0
65000,65000030,自強里,F030000862,清穗公園(B)(公廿九)-女廁,新北市中和區自強里民德路189巷口,新北市中和區公所,24.99887800,121.46981100,特優級,公園,女廁所,新北市中和區公所經建課,0
65000,65000030,清穗里,F030000868,民德立體停車場南側1F-女廁,新北市中和區清穗里民德路188號,新北市政府交通局,24.99895200,121.46810500,特優級,交通,女廁所,新北市政府交通局,1
10020,10020010,義教里,I010000807,耐斯百貨5F女廁,嘉義市東　區義教里忠孝路600號,耐斯廣場股份有限公司,23.49694100,120.45241400,特優級,商業營業場所,女廁所,耐斯廣場股份有限公司,0
10020,10020010,民族里,I010000690,東區區公所男廁,嘉義市東　區民族里吳鳳北路184號,嘉義市東區區公所,23.47870000,120.45350000,特優級,民眾洽公場所,男廁所,嘉義市東區區公所,0
10020,10020010,民族里,I010000688,城隍廟男廁,嘉義市東　區民族里吳鳳北路168號,財團法人台灣省嘉義市城隍廟,23.47827200,120.45380300,特優級,宗教禮儀場所,男廁所,財團法人台灣省嘉義市城隍廟,0
65000,65000030,自強里,F030000859,清穗公園(A)(公廿九)-男廁,新北市中和區自強里華順街2巷內,新北市中和區公所,24.99887800,121.46981100,特優級,公園,男廁所,新北市中和區公所經建課,0
65000,65000030,自強里,F030000860,清穗公園(A)(公廿九)-女廁,新北市中和區自強里華順街2巷內,新北市中和區公所,24.99887800,121.46981100,特優級,公園,女廁所,新北市中和區公所經建課,0
65000,65000030,碧河里,F030001006,台亞中和建康加油站-女廁,新北市中和區碧河里健康路191號,台亞石油股份有限公司,25.00039700,121.49216000,優等級,商業營業場所,女廁所,台亞石油股份有限公司中和建一路站,0
65000,65000030,員富里,F030001134,中油板和加油站-女廁,新北市中和區員富里中正路1191號,金祥和企業股份有限公司,25.00972100,121.48057300,特優級,商業營業場所,女廁所,中油板和加油站,0
65000,65000030,嘉慶里,F030001138,四十張加油站-男廁,新北市中和區嘉慶里連城路629號,四十張加油站股份有限公司,24.99170500,121.47671000,特優級,商業營業場所,男廁所,四十張加油站,0
10020,10020010,義教里,I010000809,耐斯百貨8F女廁,嘉義市東　區義教里忠孝路600號,耐斯廣場股份有限公司,23.49694100,120.45241400,特優級,商業營業場所,女廁所,耐斯廣場股份有限公司,0
10020,10020010,中山里,I010000734,財團法人九華山地藏庵男廁,嘉義市東　區中山里民權路255號,財團法人嘉義市九華山地藏庵,23.48325000,120.45650000,特優級,宗教禮儀場所,男廁所,財團法人嘉義市九華山地藏庵,0
10020,10020010,東興里,I010000699,市政府1F近中山路男廁,嘉義市東　區東興里中山路199號,嘉義市政府行政處,23.48130500,120.45356600,特優級,民眾洽公場所,男廁所,嘉義市政府行政處庶務科,1
65000,65000030,員山里,F030000707,中和環球購物中心4F環球影城南側-男廁,新北市中和區員山里中山路3段122號,環球購物中心股份有限公司,25.00607700,121.47568900,特優級,商業營業場所,男廁所,環球購物中心股份有限公司中和分公司,0
65000,65000030,清穗里,F030000867,民德立體停車場南側1F-男廁,新北市中和區清穗里民德路188號,新北市政府交通局,24.99895200,121.46810500,特優級,交通,男廁所,新北市政府交通局,0
65000,65000030,壽德里,F030000925,中油莒光加油站-男廁,新北市中和區壽德里莒光路260號,莒光路加氣站股份有限公司,24.99395000,121.46753400,特優級,商業營業場所,男廁所,中油莒光加氣站,0
65000,65000030,正行里,F030001191,中和大同圖書館1F-男廁,新北市中和區正行里圓通路121巷5號,新北市政府文化局,24.99610800,121.49966800,特優級,文化育樂活動場所,男廁所,新北市立圖書館大同分館,0
10020,10020010,義教里,I010000800,耐斯百貨4F男廁,嘉義市東　區義教里忠孝路600號,耐斯廣場股份有限公司,23.49694100,120.45241400,特優級,商業營業場所,男廁所,耐斯廣場股份有限公司,0
10020,10020010,義教里,I010000806,耐斯百貨4F女廁,嘉義市東　區義教里忠孝路600號,耐斯廣場股份有限公司,23.49694100,120.45241400,特優級,商業營業場所,女廁所,耐斯廣場股份有限公司,1
10020,10020010,北門里,I010000767,博物館2F男廁,嘉義市東　區北門里忠孝路275-1號,嘉義市政府文化局,23.48701000,120.45144000,特優級,文化育樂活動場所,男廁所,嘉義市政府文化局,0
10020,10020010,中央里,I010000745,仁武宮,嘉義市東　區中央里北榮街54號,仁武宮,23.48133000,120.45046200,特優級,宗教禮儀場所,混合廁所,仁武宮,0
65000,65000040,保安里,F040000091,仁愛公園(保生路)-性別友善公廁,新北市永和區保安里仁愛路244號,新北市永和區公所,25.01154018,121.50519490,特優級,公園,性別友善廁所,新北市永和區公所經建課,0
10020,10020010,義教里,I010000799,耐斯百貨3F男廁,嘉義市東　區義教里忠孝路600號,耐斯廣場股份有限公司,23.49694100,120.45241400,特優級,商業營業場所,男廁所,耐斯廣場股份有限公司,0
10020,10020010,義教里,I010000801,耐斯百貨5F男廁,嘉義市東　區義教里忠孝路600號,耐斯廣場股份有限公司,23.49694100,120.45241400,特優級,商業營業場所,男廁所,耐斯廣場股份有限公司,0
10020,10020010,中山里,I010000736,財稅局1F西側女廁,嘉義市東　區中山里中山路154號,嘉義市政府財政稅務局,23.48178600,120.45431700,特優級,民眾洽公場所,女廁所,嘉義市政府財政稅務局,1
10020,10020010,東興里,I010000707,市政府7F近中山路男廁,嘉義市東　區東興里中山路199號,嘉義市政府行政處,23.48130500,120.45356600,特優級,民眾洽公場所,男廁所,嘉義市政府行政處庶務科,0
10020,10020010,東川里,I010000227,嘉義公園射日塔旁男廁,嘉義市東　區東川里嘉義公園射日塔旁,嘉義市政府建設處,23.48125853,120.47006342,特優級,公園,男廁所,建設處公園管理科,1
10020,10020010,頂寮里,I010000591,南興公園男廁,嘉義市東　區頂寮里南興路177號,嘉義市政府建設處,23.46637000,120.45799000,特優級,公園,男廁所,建設處公園管理科,0
10020,10020020,保生里,I020000771,台灣中油北興加油站男廁,嘉義市西　區保生里自由路436號,台灣中油股份有限公司油品行銷事業部嘉義營業處,23.49205000,120.43335000,特優級,商業營業場所,男廁所,台灣中油股份有限公司油品行銷事業部嘉義營業處北興加油站,0
65000,65000030,員山里,F030000687,中和環球購物中心B3南側-男廁,新北市中和區員山里中山路3段122號,環球購物中心股份有限公司,25.00607700,121.47568900,特優級,商業營業場所,男廁所,環球購物中心股份有限公司中和分公司,0
65000,65000030,員山里,F030000688,中和環球購物中心B3南側-女廁,新北市中和區員山里中山路3段122號,環球購物中心股份有限公司,25.00607700,121.47568900,特優級,商業營業場所,女廁所,環球購物中心股份有限公司中和分公司,0
65000,65000030,員山里,F030000702,中和環球購物中心3F北側-女廁,新北市中和區員山里中山路3段122號,環球購物中心股份有限公司,25.00607700,121.47568900,特優級,商業營業場所,女廁所,環球購物中心股份有限公司中和分公司,1
65000,65000030,員山里,F030000705,中和環球購物中心4F環球影城北側-男廁,新北市中和區員山里中山路3段122號,環球購物中心股份有限公司,25.00607700,121.47568900,特優級,商業營業場所,男廁所,環球購物中心股份有限公司中和分公司,1
65000,65000030,清穗里,F030000857,明德公園(公七)北側-男廁,新北市中和區清穗里民德路208號對面,新北市中和區公所,24.99622900,121.46945700,特優級,公園,男廁所,新北市中和區公所經建課,0
65000,65000030,清穗里,F030000858,明德公園(公七)北側-女廁,新北市中和區清穗里民德路208號對面,新北市中和區公所,24.99622900,121.46945700,特優級,公園,女廁所,新北市中和區公所經建課,0
65000,65000030,碧河里,F030001005,台亞中和建康加油站-男廁,新北市中和區碧河里健康路191號,台亞石油股份有限公司,25.00039700,121.49216000,優等級,商業營業場所,男廁所,台亞石油股份有限公司中和建一路站,0
65000,65000030,員富里,F030001133,中油板和加油站-男廁,新北市中和區員富里中正路1191號,金祥和企業股份有限公司,25.00972100,121.48057300,特優級,商業營業場所,男廁所,中油板和加油站,0
10020,10020010,義教里,I010000798,耐斯百貨2F男廁,嘉義市東　區義教里忠孝路600號,耐斯廣場股份有限公司,23.49694100,120.45241400,特優級,商業營業場所,男廁所,耐斯廣場股份有限公司,0
10020,10020010,中山里,I010000738,財稅局2F西側男廁,嘉義市東　區中山里中山路154號,嘉義市政府財政稅務局,23.48178600,120.45431700,特優級,民眾洽公場所,男廁所,嘉義市政府財政稅務局,0
10020,10020010,東興里,I010000708,市政府8F近中山路男廁,嘉義市東　區東興里中山路199號,嘉義市政府行政處,23.48130500,120.45356600,特優級,民眾洽公場所,男廁所,嘉義市政府行政處庶務科,0
10020,10020010,民族里,I010000658,東市場男廁,嘉義市東　區民族里忠孝路與光彩街,嘉義市政府建設處,23.47906600,120.45385900,特優級,商業營業場所,男廁所,建設處市場管理科,0
10020,10020010,東川里,I010000271,嘉義公園孔廟旁男廁,嘉義市東　區東川里嘉義公園孔廟旁,嘉義市政府民政處,23.48251410,120.46623800,特優級,公園,男廁所,嘉義市政府民政處,0
10020,10020010,蘭潭里,I010000368,蘭潭水庫泛月公園旁男廁,嘉義市東　區蘭潭里蘭潭水庫泛月公園旁,嘉義市政府觀光新聞處,23.46597181,120.48082588,特優級,公園,男廁所,觀光新聞處,0
10020,10020020,福全里,I020000334,友忠公園男廁,嘉義市西　區福全里友忠路鄰北港路,嘉義市政府建設處,23.47706000,120.43297700,特優級,公園,男廁所,建設處公園管理科,0
10020,10020020,港坪里,I020000421,港坪里運動公園-1男廁,嘉義市西　區港坪里大同路320號,嘉義市立體育場,23.47698100,120.42141600,特優級,公園,男廁所,嘉義市立體育場,0
65000,65000040,豫溪里,F040000056,國父紀念館-男廁,新北市永和區豫溪里竹林路202號,新北市政府文化局,25.00870400,121.52048800,特優級,文化育樂活動場所,男廁所,新北市永和區公所,0
10020,10020010,義教里,I010000804,耐斯百貨2F女廁,嘉義市東　區義教里忠孝路600號,耐斯廣場股份有限公司,23.49694100,120.45241400,特優級,商業營業場所,女廁所,耐斯廣場股份有限公司,0
10020,10020010,民族里,I010000691,東區戶政事務所男廁,嘉義市東　區民族里吳鳳北路184號,嘉義市東區戶政事務所,23.47871900,120.45343000,特優級,民眾洽公場所,男廁所,嘉義市東區戶政事務所,0
10020,10020010,民族里,I010000695,環保局左側男廁,嘉義市東　區民族里吳鳳北路184號,嘉義市政府環境保護局,23.47887600,120.45366400,特優級,民眾洽公場所,男廁所,嘉義市政府環境保護局,0
10020,10020010,東川里,I010000222,嘉義公園近溜冰場男廁,嘉義市東　區東川里嘉義公園近溜冰場旁,嘉義市政府建設處,23.48385400,120.46474500,特優級,公園,男廁所,建設處公園管理科,0
10020,10020010,芳安里,I010000608,鎮天宮男廁,嘉義市東　區芳安里芳安路195號,財團法人台灣省嘉邑鎮天宮,23.46829500,120.46042200,特優級,宗教禮儀場所,男廁所,財團法人台灣省嘉邑鎮天宮,0
10020,10020020,福全里,I020000338,西區衛生所1F男女廁,嘉義市西　區福全里德明路1號,嘉義市西區衛生所,23.48000500,120.43102600,特優級,民眾洽公場所,混合廁所,嘉義市西區衛生所,0
10020,10020020,港坪里,I020000425,港坪里運動公園-3男廁,嘉義市西　區港坪里大同路320號,嘉義市立體育場,23.47698100,120.42141600,特優級,公園,男廁所,嘉義市立體育場,0
10020,10020010,蘭潭里,I010000370,蘭潭水庫土地公廟旁男廁,嘉義市東　區蘭潭里蘭潭水庫土地公廟旁,嘉義市政府觀光新聞處,23.47500389,120.48827230,特優級,公園,男廁所,觀光新聞處,0
10020,10020010,長竹里,I010000382,東園軒男廁,嘉義市東　區長竹里二段350號,東園軒有限公司,23.47753100,120.47487300,特優級,其他,男廁所,東園軒有限公司,0
10020,10020010,興南里,I010000481,南田公園男廁,嘉義市東　區興南里南田路,嘉義市政府建設處,23.47047800,120.45622400,特優級,公園,男廁所,建設處公園管理科,0
10020,10020010,興仁里,I010000645,河濱運動公園男廁,嘉義市東　區興仁里興仁街50號,嘉義市立體育館,23.45851730,120.46204090,特優級,公園,男廁所,嘉義市立體育場,0
10020,10020020,福全里,I020000344,西區衛生所2F男女廁,嘉義市西　區福全里德明路1號,嘉義市西區衛生所,23.48000500,120.43102600,特優級,民眾洽公場所,混合廁所,嘉義市西區衛生所,0
10020,10020020,西平里,I020000348,台灣中油信義加油站男廁,嘉義市西　區西平里博愛路二段519號,台灣中油股份有限公司油品行銷事業部嘉義營業處,23.46881000,120.42893000,特優級,商業營業場所,男廁所,台灣中油股份有限公司油品行銷事業部嘉義營業處信義加油站,0
10020,10020020,西平里,I020000377,南隱宮男廁,嘉義市西　區西平里永春二街33號,南隱宮,23.47870500,120.42625400,特優級,宗教禮儀場所,男廁所,南隱宮,0
10020,10020020,永和里,I020000612,新光三越百貨11F無障礙廁所,嘉義市西　區永和里垂楊路726號,新光三越百貨股份有限公司,23.47339300,120.44135200,特優級,商業營業場所,無障礙廁所,新光三越百貨股份有限公司嘉義垂楊分公司,0
10020,10020010,東興里,I010000705,市政府6F近中山路男廁,嘉義市東　區東興里中山路199號,嘉義市政府行政處,23.48130500,120.45356600,特優級,民眾洽公場所,男廁所,嘉義市政府行政處庶務科,0
10020,10020010,民族里,I010000655,文昌公園男廁,嘉義市東　區民族里蘭井街文昌街口,嘉義市政府建設處,23.47835200,120.45625000,特優級,公園,男廁所,建設處公園管理科,0
10020,10020010,東川里,I010000225,嘉義公園遊戲區旁男廁,嘉義市東　區東川里嘉義公園遊戲區旁,嘉義市政府建設處,23.48247200,120.46729600,特優級,公園,男廁所,建設處公園管理科,0
10020,10020010,蘭潭里,I010000373,蘭潭水庫三信亭旁男廁,嘉義市東　區蘭潭里蘭潭水庫三信亭旁,嘉義市政府觀光新聞處,23.46810527,120.47642498,特優級,公園,男廁所,觀光新聞處,0
10020,10020020,西平里,I020000350,番仔溝公園男廁,嘉義市西　區西平里嘉雄陸橋下,嘉義市政府建設處,23.47477000,120.43630000,特優級,公園,男廁所,建設處公園管理科,0
10020,10020020,永和里,I020000595,新光三越百貨B2男,嘉義市西　區永和里垂楊路726號,新光三越百貨股份有限公司,23.47339300,120.44135200,特優級,商業營業場所,男廁所,新光三越百貨股份有限公司嘉義垂楊分公司,1
10020,10020020,永和里,I020000606,新光三越百貨8F女2,嘉義市西　區永和里垂楊路726號,新光三越百貨股份有限公司,23.47339300,120.44135200,特優級,商業營業場所,女廁所,新光三越百貨股份有限公司嘉義垂楊分公司,1
10020,10020020,文化里,I020000634,交通處男廁,嘉義市西　區文化里國華街245號,嘉義市政府交通處,23.47920900,120.44830700,特優級,民眾洽公場所,男廁所,嘉義市政府交通處,0
10020,10020020,永和里,I020000609,新光三越百貨10F女,嘉義市西　區永和里垂楊路726號,新光三越百貨股份有限公司,23.47339300,120.44135200,特優級,商業營業場所,女廁所,新光三越百貨股份有限公司嘉義垂楊分公司,1
10020,10020020,永和里,I020000611,新光三越百貨11F女,嘉義市西　區永和里垂楊路726號,新光三越百貨股份有限公司,23.47339300,120.44135200,特優級,商業營業場所,女廁所,新光三越百貨股份有限公司嘉義垂楊分公司,1
10020,10020020,西榮里,I020000636,嘉義客運男廁,嘉義市西　區西榮里中山路503號,嘉義汽車客運(股)公司,23.47918700,120.44452900,特優級,交通,男廁所,嘉義汽車客運(股)公司,0
10020,10020020,番社里,I020000674,嘉義火車站男廁,嘉義市西　區番社里中山路528號,交通部,23.47925159,120.44136460,特優級,交通,男廁所,交通部臺灣鐵路管理局嘉義站,0
10020,10020020,垂楊里,I020000465,遠東百貨4F男廁,嘉義市西　區垂楊里垂楊路537號,遠東百貨股份有限公司,23.47275500,120.44112000,特優級,商業營業場所,男廁所,遠東百貨股份有限公司,0
10020,10020020,垂楊里,I020000469,遠東百貨6F男廁,嘉義市西　區垂楊里垂楊路537號,遠東百貨股份有限公司,23.47275500,120.44112000,特優級,商業營業場所,男廁所,遠東百貨股份有限公司,0
64000,64000120,新興里,E120000107,(北鳳)鳳山區戶政事務所-1F性別友善廁所,高雄市鳳山區新興里經武路,高雄市政府民政局,22.62737600,120.36302900,特優級,民眾洽公場所,性別友善廁所,高雄市鳳山戶政事務所,1
64000,64000120,協和里,E120000211,(北鳳)稅捐稽徵處(鳳山分處，右側)-2F女廁,高雄市鳳山區協和里國泰路二段136號,高雄市稅捐稽徵處,22.62047600,120.34794800,特優級,民眾洽公場所,女廁所,高雄市稅捐稽徵處鳳山分處,0
10020,10020020,永和里,I020000596,新光三越百貨B1女,嘉義市西　區永和里垂楊路726號,新光三越百貨股份有限公司,23.47339300,120.44135200,特優級,商業營業場所,女廁所,新光三越百貨股份有限公司嘉義垂楊分公司,0
10020,10020020,永和里,I020000603,新光三越百貨6F男,嘉義市西　區永和里垂楊路726號,新光三越百貨股份有限公司,23.47339300,120.44135200,特優級,商業營業場所,男廁所,新光三越百貨股份有限公司嘉義垂楊分公司,0
10020,10020020,永和里,I020000605,新光三越百貨7F男,嘉義市西　區永和里垂楊路726號,新光三越百貨股份有限公司,23.47339300,120.44135200,特優級,商業營業場所,男廁所,新光三越百貨股份有限公司嘉義垂楊分公司,0
10020,10020020,永和里,I020000607,新光三越百貨9F親子廁所,嘉義市西　區永和里垂楊路726號,新光三越百貨股份有限公司,23.47339300,120.44135200,特優級,商業營業場所,親子廁所,新光三越百貨股份有限公司嘉義垂楊分公司,0
10020,10020020,國華里,I020000645,中正公園男廁,嘉義市西　區國華里國華街、民權路口,嘉義市政府建設處,23.48177100,120.44756300,特優級,公園,男廁所,建設處公園管理科,0
10020,10020020,垂楊里,I020000459,遠東百貨B1男廁,嘉義市西　區垂楊里垂楊路537號,遠東百貨股份有限公司,23.47275500,120.44112000,特優級,商業營業場所,男廁所,遠東百貨股份有限公司,0
10020,10020020,垂楊里,I020000462,遠東百貨2F女廁,嘉義市西　區垂楊里垂楊路537號,遠東百貨股份有限公司,23.47275500,120.44112000,特優級,商業營業場所,女廁所,遠東百貨股份有限公司,0
64000,64000120,新興里,E120000111,(北鳳)鳳山區衛生所-1F女廁,高雄市鳳山區新興里經武路34巷2號,高雄市政府衛生局,22.62736300,120.36269600,特優級,民眾洽公場所,女廁所,高雄市鳳山區衛生所,0
10020,10020010,東川里,I010000273,228公園男廁,嘉義市東　區東川里大雅路二段695號,嘉義市政府建設處,23.47655100,120.46285600,特優級,公園,男廁所,建設處公園管理科,0
10020,10020010,興仁里,I010000648,南興宮,嘉義市東　區興仁里興仁街245號,嘉邑南興宮,23.45698800,120.45893200,特優級,宗教禮儀場所,混合廁所,嘉邑南興宮,0
10020,10020020,北湖里,I020000270,福懋大嘉加油站男廁,嘉義市西　區北湖里北港路530之15號,福懋興業股份有限公司,23.48485700,120.42204700,特優級,商業營業場所,男廁所,福懋興業股份有限公司福懋大嘉加油站,0
10020,10020020,保福里,I020000764,世賢圖書館1F男廁,嘉義市西　區保福里世賢路一段685號,嘉義市政府文化局,23.48985568,120.42852402,特優級,文化育樂活動場所,男廁所,嘉義市政府文化局,0
10020,10020020,永和里,I020000599,新光三越百貨2F女,嘉義市西　區永和里垂楊路726號,新光三越百貨股份有限公司,23.47339300,120.44135200,特優級,商業營業場所,女廁所,新光三越百貨股份有限公司嘉義垂楊分公司,0
10020,10020020,永和里,I020000602,新光三越百貨5F女,嘉義市西　區永和里垂楊路726號,新光三越百貨股份有限公司,23.47339300,120.44135200,特優級,商業營業場所,女廁所,新光三越百貨股份有限公司嘉義垂楊分公司,1
10020,10020020,書院里,I020000452,遊天宮,嘉義市西　區書院里民族路750號,財團法人台灣省嘉義市遊天宮,23.47533100,120.44156900,特優級,宗教禮儀場所,混合廁所,財團法人台灣省嘉義市遊天宮,0
10020,10020020,美源里,I020000538,民生公園男廁,嘉義市西　區美源里嘉義市西區民生南路,嘉義市政府建設處,23.46555700,120.44330400,特優級,公園,男廁所,建設處公園管理科,0
10020,10020010,義教里,I010000805,耐斯百貨3F女廁,嘉義市東　區義教里忠孝路600號,耐斯廣場股份有限公司,23.49694100,120.45241400,特優級,商業營業場所,女廁所,耐斯廣場股份有限公司,0
10020,10020010,北門里,I010000765,博物館1F男廁,嘉義市東　區北門里忠孝路275-1號,嘉義市政府文化局,23.48701000,120.45144000,特優級,文化育樂活動場所,男廁所,嘉義市政府文化局,0
10020,10020010,東興里,I010000697,警察局1F男廁,嘉義市東　區東興里中山路195號,嘉義市政府警察局,23.48128200,120.45463300,特優級,民眾洽公場所,男廁所,嘉義市政府警察局,0
10020,10020010,民族里,I010000693,環保局右側5F混合廁,嘉義市東　區民族里吳鳳北路184號,嘉義市政府環境保護局,23.47887600,120.45366400,特優級,民眾洽公場所,混合廁所,嘉義市政府環境保護局,0
10020,10020010,東川里,I010000221,嘉義公園近啟明路女廁,嘉義市東　區東川里啟明路,嘉義市政府建設處,23.48379600,120.46362900,特優級,公園,女廁所,建設處公園管理科,0
10020,10020010,新開里,I010000366,體育館男廁,嘉義市東　區新開里彌陀路381號,嘉義市政府教育處,23.47348000,120.46244000,特優級,文化育樂活動場所,男廁所,嘉義市立體育場,0
10020,10020010,安業里,I010000594,台灣中油吳鳳路加油站男廁,嘉義市東　區安業里吳鳳南路92號,台灣中油股份有限公司油品行銷事業部嘉義營業處吳鳳加油站,23.46903000,120.45403000,特優級,商業營業場所,男廁所,台灣中油股份有限公司油品行銷事業部嘉義營業處吳鳳加油站,0
10020,10020020,竹村里,I020000314,嘉交加油站男廁,嘉義市西　區竹村里北港路1158號,領先商業股份有限公司嘉交加油站,23.49299300,120.39586100,特優級,商業營業場所,男廁所,領先商業股份有限公司嘉交加油站,0
65000,65000030,嘉慶里,F030001139,四十張加油站-女廁,新北市中和區嘉慶里連城路629號,四十張加油站股份有限公司,24.99170500,121.47671000,特優級,商業營業場所,女廁所,四十張加油站,0
10020,10020010,義教里,I010000788,耐斯王子大飯店5F男廁,嘉義市東　區義教里忠孝路600號,耐斯廣場股份有限公司,23.49642300,120.45365600,特優級,其他,男廁所,耐斯廣場股份有限公司,0
10020,10020010,義教里,I010000789,耐斯王子大飯店5F女廁,嘉義市東　區義教里忠孝路600號,耐斯廣場股份有限公司,23.49642300,120.45365600,特優級,其他,女廁所,耐斯廣場股份有限公司,0
10020,10020020,香湖里,I020000194,台灣中油博愛路加油站男廁,嘉義市西　區香湖里博愛路一段2號,台灣中油股份有限公司油品行銷事業部嘉義營業處,23.48905600,120.44563900,特優級,商業營業場所,男廁所,台灣中油股份有限公司油品行銷事業部嘉義營業處博愛路加油站,0
10020,10020010,東興里,I010000701,市政府2F近中山路男廁,嘉義市東　區東興里中山路199號,嘉義市政府行政處,23.48130500,120.45356600,特優級,民眾洽公場所,男廁所,嘉義市政府行政處庶務科,0
10020,10020010,東興里,I010000703,市政府3F近中山路男廁,嘉義市東　區東興里中山路199號,嘉義市政府行政處,23.48130500,120.45356600,特優級,民眾洽公場所,男廁所,嘉義市政府行政處庶務科,0
10020,10020010,芳安里,I010000588,宣信公園男廁,嘉義市東　區芳安里南興路、宣信路口,嘉義市政府建設處,23.46883000,120.46000900,特優級,公園,男廁所,建設處公園管理科,0
10020,10020020,保安里,I020000267,保安宮男廁,嘉義市西　區保安里自由路245號,保安宮管理委員會,23.49012900,120.43391900,特優級,宗教禮儀場所,男廁所,保安宮管理委員會,0
10020,10020020,永和里,I020000597,新光三越百貨B1男,嘉義市西　區永和里垂楊路726號,新光三越百貨股份有限公司,23.47344100,120.44105800,特優級,商業營業場所,男廁所,新光三越百貨股份有限公司嘉義垂楊分公司,0
10020,10020020,永和里,I020000604,新光三越百貨6F女,嘉義市西　區永和里垂楊路726號,新光三越百貨股份有限公司,23.47339300,120.44135200,特優級,商業營業場所,女廁所,新光三越百貨股份有限公司嘉義垂楊分公司,1
10020,10020020,文化里,I020000626,西市場2F-左側男,嘉義市西　區文化里國華街245號,嘉義市政府建設處,23.47939000,120.44839500,特優級,商業營業場所,男廁所,建設處市場管理科,0
10020,10020020,垂楊里,I020000463,遠東百貨3F男廁,嘉義市西　區垂楊里垂楊路537號,遠東百貨股份有限公司,23.47275500,120.44112000,特優級,商業營業場所,男廁所,遠東百貨股份有限公司,0
64000,64000120,新興里,E120000110,(北鳳)鳳山區衛生所-1F男廁,高雄市鳳山區新興里經武路34巷2號,高雄市政府衛生局,22.62736300,120.36269600,特優級,民眾洽公場所,男廁所,高雄市鳳山區衛生所,0
64000,64000120,忠孝里,E120000396,(北鳳)婦幼青少年館(東側)-2F性別友善廁所,高雄市鳳山區忠孝里光復路2段120號,高雄市政府社會局,22.62989200,120.34742400,特優級,社福機構、集會場所,性別友善廁所,高雄市政府社會局婦幼青少年活動中心,3
64000,64000120,忠孝里,E120000414,(北鳳)青少年館(西側)-2F女廁,高雄市鳳山區忠孝里光復路2段120號,高雄市政府社會局,22.62989200,120.34742400,特優級,社福機構、集會場所,女廁所,高雄市政府社會局婦幼青少年活動中心,0
64000,64000120,忠孝里,E120000459,(北鳳)高雄市政府農業局-6F男廁,高雄市鳳山區忠孝里光復路2段132號,高雄市政府農業局,22.63057200,120.34379600,特優級,民眾洽公場所,男廁所,高雄市政府農業局,0
64000,64000120,忠孝里,E120000407,(北鳳)視聽教室-1F無障礙廁所,高雄市鳳山區忠孝里光復路2段120號,高雄市政府社會局,22.62989200,120.34742400,特優級,社福機構、集會場所,無障礙廁所,高雄市政府社會局婦幼青少年活動中心,0
64000,64000120,忠孝里,E120000409,(北鳳)視聽教室-2F女廁,高雄市鳳山區忠孝里光復路2段120號,高雄市政府社會局,22.62989200,120.34742400,特優級,社福機構、集會場所,女廁所,高雄市政府社會局婦幼青少年活動中心,0
64000,64000120,忠孝里,E120000439,(北鳳)高雄市政府教育局(西側)-3F男廁,高雄市鳳山區忠孝里光復路2段132號,高雄市政府教育局,22.63057200,120.34379600,特優級,民眾洽公場所,男廁所,高雄市政府教育局,0
64000,64000130,林園里,E130000045,林園區衛生所-1F男廁,高雄市林園區林園里林園北路186號,高雄市政府衛生局,22.50766400,120.39523800,特優級,民眾洽公場所,男廁所,高雄市林園區衛生所,0
64000,64000130,林園里,E130000047,林園區衛生所-1F無障礙廁所,高雄市林園區林園里林園北路186號,高雄市政府衛生局,22.50766400,120.39523800,特優級,民眾洽公場所,無障礙廁所,高雄市林園區衛生所,0
64000,64000180,鳥松里,E180000012,澄清湖風景區-忠靈塔-女廁,高雄市鳥松區鳥松里大埤路32號,高雄市政府工務局,22.66585270,120.34776840,特優級,觀光地區及風景區,女廁所,高雄市政府工務局公園處,0
64000,64000180,鳥松里,E180000014,澄清湖風景區-傳習齋-女廁,高雄市鳥松區鳥松里大埤路32號,高雄市政府工務局,22.65690320,120.35259400,特優級,觀光地區及風景區,女廁所,高雄市政府工務局公園處,0
64000,64000180,大華里,E180000186,高雄圓山大飯店1F-男廁,高雄市鳥松區大華里圓山路2號,財團法人台灣敦睦聯誼會,22.65492301,120.34657180,特優級,其他,男廁所,高雄圓山大飯店,1
64000,64000120,協和里,E120000204,(北鳳)稅捐稽徵處(鳳山分處，左側)-1F無障礙廁所,高雄市鳳山區協和里國泰路二段136號,高雄市稅捐稽徵處,22.62047600,120.34794800,特優級,民眾洽公場所,無障礙廁所,高雄市稅捐稽徵處鳳山分處,0
64000,64000120,協和里,E120000205,(北鳳)稅捐稽徵處(鳳山分處，右側)-1F無障礙廁所,高雄市鳳山區協和里國泰路二段136號,高雄市稅捐稽徵處,22.62047600,120.34794800,特優級,民眾洽公場所,無障礙廁所,高雄市稅捐稽徵處鳳山分處,0
64000,64000120,忠孝里,E120000401,(北鳳)婦幼青少年館(東側)-3F無障礙廁所,高雄市鳳山區忠孝里光復路2段120號,高雄市政府社會局,22.62989200,120.34742400,特優級,社福機構、集會場所,無障礙廁所,高雄市政府社會局婦幼青少年活動中心,1
64000,64000120,忠孝里,E120000415,(北鳳)青少年館(西側)-2F女廁,高雄市鳳山區忠孝里光復路2段120號,高雄市政府社會局,22.62989200,120.34742400,特優級,社福機構、集會場所,女廁所,高雄市政府社會局婦幼青少年活動中心,0
64000,64000120,忠孝里,E120000432,(北鳳)高雄市政府觀光局(西側)-1F女廁,高雄市鳳山區忠孝里光復路2段132號,高雄市政府觀光局,22.63057200,120.34379600,特優級,民眾洽公場所,女廁所,高雄市政府觀光局,1
64000,64000120,忠孝里,E120000447,(北鳳)教育局工程管理科-2F男廁,高雄市鳳山區忠孝里光復路2段132號,高雄市政府教育局,22.63057200,120.34379600,特優級,民眾洽公場所,男廁所,高雄市政府教育局教育局工程管理科,0
64000,64000180,鳥松里,E180000006,澄清湖風景區-泡茶區男廁1-男廁,高雄市鳥松區鳥松里大埤路32號,高雄市政府工務局,22.66126910,120.34230740,特優級,觀光地區及風景區,男廁所,高雄市政府工務局公園處,0
64000,64000180,鳥松里,E180000007,澄清湖風景區-泡茶區女廁1-女廁,高雄市鳥松區鳥松里大埤路32號,高雄市政府工務局,22.66126910,120.34230740,特優級,觀光地區及風景區,女廁所,高雄市政府工務局公園處,0
64000,64000120,富甲里,E120000576,(南鳳)鳳山區戶政事務所-4F男廁,高雄市鳳山區富甲里五甲二路472號,高雄市政府民政局,22.59758500,120.33490700,特優級,民眾洽公場所,男廁所,高雄市鳳山戶政事務所,0
64000,64000130,林園里,E130000051,林園區衛生所-3F女廁,高雄市林園區林園里林園北路186號,高雄市政府衛生局,22.50766400,120.39523800,特優級,民眾洽公場所,女廁所,高雄市林園區衛生所,0
64000,64000180,鳥松里,E180000001,澄清湖風景區(第一景，大門口)-男廁,高雄市鳥松區鳥松里大埤路32號,高雄市政府觀光局,22.65358110,120.34907700,特優級,觀光地區及風景區,男廁所,高雄市政府觀光局金獅湖管理站,0
64000,64000180,鳥松里,E180000008,澄清湖風景區-泡茶區男廁1-無障礙廁所,高雄市鳥松區鳥松里大埤路32號,高雄市政府工務局,22.66126910,120.34230740,特優級,觀光地區及風景區,無障礙廁所,高雄市政府工務局公園處,0
64000,64000180,鳥松里,E180000019,澄清湖風景區-烤肉區-女廁,高雄市鳥松區鳥松里大埤路32號,高雄市政府工務局,22.66447810,120.34513450,特優級,觀光地區及風景區,女廁所,高雄市政府工務局公園處,0
64000,64000180,鳥松里,E180000045,勞工澄清服務中心公園-無障礙廁所,高雄市鳥松區鳥松里大埤路32號,高雄市政府工務局,22.65197200,120.35800600,特優級,公園,無障礙廁所,高雄市政府工務局,0
64000,64000180,大華里,E180000190,高雄圓山大飯店-西側5F-男廁,高雄市鳥松區大華里圓山路2號,財團法人台灣敦睦聯誼會,22.65492301,120.34657180,特優級,其他,男廁所,高雄圓山大飯店,0
64000,64000180,鳥松里,E180000138,高雄市政府環境保護局-A棟1F-男廁,高雄市鳥松區鳥松里澄清路834號,高雄市政府環境保護局,22.64961101,120.34880072,特優級,民眾洽公場所,男廁所,高雄市政府環境保護局,0
10020,10020020,港坪里,I020000423,港坪里運動公園-2男廁,嘉義市西　區港坪里大同路320號,嘉義市立體育場,23.47698100,120.42141600,特優級,公園,男廁所,嘉義市立體育場,0
10020,10020020,永和里,I020000608,新光三越百貨10F男,嘉義市西　區永和里垂楊路726號,新光三越百貨股份有限公司,23.47339300,120.44135200,特優級,商業營業場所,男廁所,新光三越百貨股份有限公司嘉義垂楊分公司,0
10020,10020020,永和里,I020000610,新光三越百貨11F男,嘉義市西　區永和里垂楊路726號,新光三越百貨股份有限公司,23.47344100,120.44105800,特優級,商業營業場所,男廁所,新光三越百貨股份有限公司嘉義垂楊分公司,0
10020,10020020,垂楊里,I020000467,遠東百貨5F男廁,嘉義市西　區垂楊里垂楊路537號,遠東百貨股份有限公司,23.47275500,120.44112000,特優級,商業營業場所,男廁所,遠東百貨股份有限公司,0
10020,10020020,垂楊里,I020000471,遠東百貨7F男廁,嘉義市西　區垂楊里垂楊路537號,遠東百貨股份有限公司,23.47275500,120.44112000,特優級,商業營業場所,男廁所,遠東百貨股份有限公司,0
64000,64000120,協和里,E120000210,(北鳳)稅捐稽徵處(鳳山分處，右側)-2F男廁,高雄市鳳山區協和里國泰路二段136號,高雄市稅捐稽徵處,22.62047600,120.34794800,特優級,民眾洽公場所,男廁所,高雄市稅捐稽徵處鳳山分處,0
64000,64000120,忠孝里,E120000393,(北鳳)婦幼青少年館(東側)-1F男廁,高雄市鳳山區忠孝里光復路2段120號,高雄市政府社會局,22.62989200,120.34742400,特優級,社福機構、集會場所,男廁所,高雄市政府社會局婦幼青少年活動中心,0
64000,64000120,忠孝里,E120000408,(北鳳)視聽教室-2F男廁,高雄市鳳山區忠孝里光復路2段120號,高雄市政府社會局,22.62989200,120.34742400,特優級,社福機構、集會場所,男廁所,高雄市政府社會局婦幼青少年活動中心,0
64000,64000120,忠孝里,E120000410,(北鳳)視聽教室-2F無障礙廁所,高雄市鳳山區忠孝里光復路2段120號,高雄市政府社會局,22.62989200,120.34742400,特優級,社福機構、集會場所,無障礙廁所,高雄市政府社會局婦幼青少年活動中心,0
64000,64000120,忠孝里,E120000440,(北鳳)高雄市政府教育局(西側)-3F女廁,高雄市鳳山區忠孝里光復路2段132號,高雄市政府教育局,22.63057200,120.34379600,特優級,民眾洽公場所,女廁所,高雄市政府教育局,0
64000,64000120,忠孝里,E120000455,(北鳳)高雄市政府民政局-4F性別友善廁所,高雄市鳳山區忠孝里光復路2段132號,高雄市政府-民政局,22.63057200,120.34379600,特優級,民眾洽公場所,性別友善廁所,高雄市政府-民政局,1
64000,64000130,林園里,E130000046,林園區衛生所-1F女廁,高雄市林園區林園里林園北路186號,高雄市政府衛生局,22.50766400,120.39523800,特優級,民眾洽公場所,女廁所,高雄市林園區衛生所,0
64000,64000180,鳥松里,E180000013,澄清湖風景區-傳習齋-男廁,高雄市鳥松區鳥松里大埤路32號,高雄市政府工務局,22.65690320,120.35259400,特優級,觀光地區及風景區,男廁所,高雄市政府工務局公園處,0
64000,64000180,鳥松里,E180000015,澄清湖風景區-傳習齋-無障礙廁所,高雄市鳥松區鳥松里大埤路32號,高雄市政府工務局,22.65690320,120.35259400,特優級,觀光地區及風景區,無障礙廁所,高雄市政府工務局公園處,0
64000,64000180,大華里,E180000187,高雄圓山大飯店1F-女廁,高雄市鳥松區大華里圓山路2號,財團法人台灣敦睦聯誼會,22.65492301,120.34657180,特優級,其他,女廁所,高雄圓山大飯店,0
64000,64000180,大華里,E180000189,高雄圓山大飯店-東側5F-女廁,高雄市鳥松區大華里圓山路2號,財團法人台灣敦睦聯誼會,22.65492301,120.34657180,特優級,其他,女廁所,高雄圓山大飯店,1
64000,64000120,協和里,E120000209,(北鳳)稅捐稽徵處(鳳山分處，左側)-2F女廁,高雄市鳳山區協和里國泰路二段136號,高雄市稅捐稽徵處,22.62047600,120.34794800,特優級,民眾洽公場所,女廁所,高雄市稅捐稽徵處鳳山分處,0
64000,64000120,忠孝里,E120000411,(北鳳)青少年館(西側)-1F男廁,高雄市鳳山區忠孝里光復路2段120號,高雄市政府社會局,22.62989200,120.34742400,特優級,社福機構、集會場所,男廁所,高雄市政府社會局婦幼青少年活動中心,0
64000,64000120,忠孝里,E120000413,(北鳳)青少年館(西側)-1F無障礙廁所,高雄市鳳山區忠孝里光復路2段120號,高雄市政府社會局,22.62989200,120.34742400,特優級,社福機構、集會場所,無障礙廁所,高雄市政府社會局婦幼青少年活動中心,1
64000,64000120,忠孝里,E120000435,(北鳳)高雄市政府青年局(西側)-2F女廁,高雄市鳳山區忠孝里光復路2段132號,高雄市政府青年局,22.63057200,120.34379600,特優級,民眾洽公場所,女廁所,高雄市政府青年局,0
64000,64000120,忠孝里,E120000458,(北鳳)高雄市政府民政局-5F女廁,高雄市鳳山區忠孝里光復路2段132號,高雄市政府民政局,22.63057200,120.34379600,特優級,民眾洽公場所,女廁所,高雄市政府民政局,0
64000,64000120,忠孝里,E120000460,(北鳳)高雄市政府農業局-6F女廁,高雄市鳳山區忠孝里光復路2段132號,高雄市政府農業局,22.63057200,120.34379600,特優級,民眾洽公場所,女廁所,高雄市政府農業局,0
64000,64000120,富甲里,E120000577,(南鳳)鳳山區戶政事務所-4F女廁,高雄市鳳山區富甲里五甲二路472號,高雄市政府民政局,22.59758500,120.33490700,特優級,民眾洽公場所,女廁所,高雄市鳳山戶政事務所,0
64000,64000180,鳥松里,E180000016,"澄清湖風景區-寧靜園-男廁 ",高雄市鳥松區鳥松里大埤路32號,高雄市政府工務局,22.65459530,120.34936300,特優級,觀光地區及風景區,男廁所,高雄市政府工務局公園處,0
10020,10020020,永和里,I020000600,新光三越百貨3F女,嘉義市西　區永和里垂楊路726號,新光三越百貨股份有限公司,23.47339300,120.44135200,特優級,商業營業場所,女廁所,新光三越百貨股份有限公司嘉義垂楊分公司,1
10020,10020020,永和里,I020000601,新光三越百貨4F女,嘉義市西　區永和里垂楊路726號,新光三越百貨股份有限公司,23.47339300,120.44135200,特優級,商業營業場所,女廁所,新光三越百貨股份有限公司嘉義垂楊分公司,0
10020,10020020,文化里,I020000632,地政事務所男廁,嘉義市西　區文化里國華街245號,嘉義市地政事務所,23.47920900,120.44830700,特優級,民眾洽公場所,男廁所,嘉義市地政事務所,0
10020,10020020,福民里,I020000525,西區戶政事務所男廁,嘉義市西　區福民里錦州二街28號,嘉義市西區戶政事務所,23.46445300,120.43531100,特優級,民眾洽公場所,男廁所,嘉義市西區戶政事務所,0
10020,10020020,福民里,I020000523,西區區公所男廁,嘉義市西　區福民里錦州二街28號,嘉義市西區區公所,23.46450000,120.43537900,特優級,民眾洽公場所,男廁所,嘉義市西區區公所,0
64000,64000120,協和里,E120000202,(北鳳)稅捐稽徵處(鳳山分處，左側)-1F男廁,高雄市鳳山區協和里國泰路二段136號,高雄市稅捐稽徵處,22.62047600,120.34794800,特優級,民眾洽公場所,男廁所,高雄市稅捐稽徵處鳳山分處,0
64000,64000120,協和里,E120000203,(北鳳)稅捐稽徵處(鳳山分處，左側)-1F女廁,高雄市鳳山區協和里國泰路二段136號,高雄市稅捐稽徵處,22.62047600,120.34794800,特優級,民眾洽公場所,女廁所,高雄市稅捐稽徵處鳳山分處,0
64000,64000120,忠孝里,E120000431,(北鳳)高雄市政府觀光局(西側)-1F男廁,高雄市鳳山區忠孝里光復路2段132號,高雄市政府觀光局,22.63057200,120.34379600,特優級,民眾洽公場所,男廁所,高雄市政府觀光局,1
64000,64000120,忠孝里,E120000445,(北鳳)鳳山行政中心(大禮堂)-1F混合廁所,高雄市鳳山區忠孝里光復路2段132號,高雄市政府行政暨國際處,22.63057200,120.34379600,特優級,民眾洽公場所,混合廁所,高雄市政府行政暨國際處,0
64000,64000120,忠孝里,E120000448,(北鳳)教育局工程管理科-2F女廁,高雄市鳳山區忠孝里光復路2段132號,高雄市政府教育局,22.63057200,120.34379600,特優級,民眾洽公場所,女廁所,高雄市政府教育局教育局工程管理科,0
64000,64000180,鳥松里,E180000004,澄清湖風景區(兒童樂園)-男廁,高雄市鳥松區鳥松里大埤路32號,高雄市政府工務局,22.65774970,120.34605610,特優級,觀光地區及風景區,男廁所,高雄市政府工務局公園處,0
64000,64000180,鳥松里,E180000005,澄清湖風景區(兒童樂園)-女廁,高雄市鳥松區鳥松里大埤路32號,高雄市政府工務局,22.65774970,120.34605610,特優級,觀光地區及風景區,女廁所,高雄市政府工務局公園處,0
64000,64000180,鳥松里,E180000022,"澄清湖風景區-遊客中心-男廁 ",高雄市鳥松區鳥松里大埤路32號,高雄市政府工務局,22.65489790,120.34993430,特優級,觀光地區及風景區,男廁所,高雄市政府工務局公園處,0
64000,64000180,鳥松里,E180000023,"澄清湖風景區-遊客中心-女廁 ",高雄市鳥松區鳥松里大埤路32號,高雄市政府工務局,22.65489790,120.34993430,特優級,觀光地區及風景區,女廁所,高雄市政府工務局公園處,0
64000,64000180,鳥松里,E180000148,高雄市政府環境保護局-A棟4F-女廁,高雄市鳥松區鳥松里澄清路834號,高雄市政府環境保護局,22.64963824,120.34880340,特優級,民眾洽公場所,女廁所,高雄市政府環境保護局,0
64000,64000180,鳥松里,E180000149,高雄市政府環境保護局-A棟4F-無障礙廁所,高雄市鳥松區鳥松里澄清路834號,高雄市政府環境保護局,22.64963081,120.34883022,特優級,民眾洽公場所,無障礙廁所,高雄市政府環境保護局,0
10020,10020020,垂楊里,I020000461,遠東百貨1F女廁,嘉義市西　區垂楊里垂楊路537號,遠東百貨股份有限公司,23.47275500,120.44112000,特優級,商業營業場所,女廁所,遠東百貨股份有限公司,0
64000,64000120,新興里,E120000112,(北鳳)鳳山區衛生所-1F無障礙廁所,高雄市鳳山區新興里經武路34巷2號,高雄市政府衛生局,22.62736300,120.36269600,特優級,民眾洽公場所,無障礙廁所,高雄市鳳山區衛生所,0
64000,64000120,協和里,E120000208,(北鳳)稅捐稽徵處(鳳山分處，左側)-2F男廁,高雄市鳳山區協和里國泰路二段136號,高雄市稅捐稽徵處,22.62047600,120.34794800,特優級,民眾洽公場所,男廁所,高雄市稅捐稽徵處鳳山分處,0
64000,64000120,忠孝里,E120000394,(北鳳)婦幼青少年館(東側)-1F女廁,高雄市鳳山區忠孝里光復路2段120號,高雄市政府社會局,22.62989200,120.34742400,特優級,社福機構、集會場所,女廁所,高雄市政府社會局婦幼青少年活動中心,0
64000,64000120,忠孝里,E120000405,(北鳳)視聽教室-1F男廁,高雄市鳳山區忠孝里光復路2段120號,高雄市政府社會局,22.62989200,120.34742400,特優級,社福機構、集會場所,男廁所,高雄市政府社會局婦幼青少年活動中心,0
64000,64000120,忠孝里,E120000412,(北鳳)青少年館(西側)-1F女廁,高雄市鳳山區忠孝里光復路2段120號,高雄市政府社會局,22.62989200,120.34742400,特優級,社福機構、集會場所,女廁所,高雄市政府社會局婦幼青少年活動中心,0
64000,64000120,忠孝里,E120000436,(北鳳)高雄市政府教育局-2F女廁,高雄市鳳山區忠孝里光復路2段132號,高雄市政府教育局,22.63057200,120.34379600,特優級,民眾洽公場所,女廁所,高雄市政府教育局,0
64000,64000120,忠孝里,E120000450,(北鳳)高雄市政府海洋局(東側)-3F女廁,高雄市鳳山區忠孝里光復路2段132號,高雄市政府海洋局,22.63057200,120.34379600,特優級,民眾洽公場所,女廁所,高雄市政府海洋局,0
64000,64000120,富甲里,E120000578,(南鳳)鳳山區戶政事務所-4F無障礙廁所,高雄市鳳山區富甲里五甲二路472號,高雄市政府民政局,22.59758500,120.33490700,特優級,民眾洽公場所,無障礙廁所,高雄市鳳山戶政事務所,1
64000,64000130,林園里,E130000049,林園區衛生所-2F女廁,高雄市林園區林園里林園北路186號,高雄市政府衛生局,22.50766400,120.39523800,特優級,民眾洽公場所,女廁所,高雄市林園區衛生所,0
64000,64000180,鳥松里,E180000003,澄清湖風景區(第一景，大門口)-無障礙廁所,高雄市鳥松區鳥松里大埤路32號,高雄市政府觀光局,22.65358110,120.34907700,特優級,觀光地區及風景區,無障礙廁所,高雄市政府觀光局金獅湖管理站,1
64000,64000180,鳥松里,E180000010,澄清湖風景區-泡茶區男廁2-女廁,高雄市鳥松區鳥松里大埤路32號,高雄市政府工務局,22.66215180,120.34167070,特優級,觀光地區及風景區,女廁所,高雄市政府工務局公園處,0
64000,64000180,鳥松里,E180000017,"澄清湖風景區-寧靜園-女廁 ",高雄市鳥松區鳥松里大埤路32號,高雄市政府工務局,22.65459530,120.34936300,特優級,觀光地區及風景區,女廁所,高雄市政府工務局公園處,0
64000,64000180,大華里,E180000185,高雄圓山大飯店B1-女廁-無障礙廁所,高雄市鳥松區大華里圓山路2號,財團法人台灣敦睦聯誼會,22.65492301,120.34657180,特優級,其他,女廁所,高雄圓山大飯店,0
64000,64000180,鳥松里,E180000136,高雄市政府環境保護局-B棟8F-女廁,高雄市鳥松區鳥松里澄清路834-1號,高雄市政府環境保護局,22.64998726,120.34896433,特優級,民眾洽公場所,女廁所,高雄市政府環境保護局,0
64000,64000180,鳥松里,E180000147,高雄市政府環境保護局-A棟4F-男廁,高雄市鳥松區鳥松里澄清路834號,高雄市政府環境保護局,22.64964071,120.34881949,特優級,民眾洽公場所,男廁所,高雄市政府環境保護局,0
64000,64000180,大華里,E180000188,高雄圓山大飯店-東側5F-男廁,高雄市鳥松區大華里圓山路2號,財團法人台灣敦睦聯誼會,22.65492301,120.34657180,特優級,其他,男廁所,高雄圓山大飯店,1
64000,64000180,鳥松里,E180000140,高雄市政府環境保護局-A棟1F-無障礙廁所,高雄市鳥松區鳥松里澄清路834號,高雄市政府環境保護局,22.64959616,120.34886777,特優級,民眾洽公場所,無障礙廁所,高雄市政府環境保護局,1
64000,64000180,鳥松里,E180000142,高雄市政府環境保護局-A棟2F-女廁,高雄市鳥松區鳥松里澄清路834號,高雄市政府環境保護局,22.64961596,120.34878731,特優級,民眾洽公場所,女廁所,高雄市政府環境保護局,0
64000,64000180,鳥松里,E180000157,高雄市政府環境保護局-A棟7F-女廁,高雄市鳥松區鳥松里澄清路834號,高雄市政府環境保護局,22.64962091,120.34884632,特優級,民眾洽公場所,女廁所,高雄市政府環境保護局,0
64000,64000180,鳥松里,E180000159,高雄市政府環境保護局-A棟8F-男廁,高雄市鳥松區鳥松里澄清路834號,高雄市政府環境保護局,22.64963576,120.34884363,特優級,民眾洽公場所,男廁所,高雄市政府環境保護局,0
64000,64000180,鳥松里,E180000116,高雄市政府環境保護局-B棟1F-男廁,高雄市鳥松區鳥松里澄清路834-1號,高雄市政府環境保護局,22.65003677,120.34893751,特優級,民眾洽公場所,男廁所,高雄市政府環境保護局,0
64000,64000180,鳥松里,E180000118,高雄市政府環境保護局-B棟1F-無障礙廁所,高雄市鳥松區鳥松里澄清路834-1號,高雄市政府環境保護局,22.65001202,120.34893751,特優級,民眾洽公場所,無障礙廁所,高雄市政府環境保護局,0
64000,64000180,鳥松里,E180000133,高雄市政府環境保護局-B棟6F-無障礙廁所,高雄市鳥松區鳥松里澄清路834-1號,高雄市政府環境保護局,22.65000459,120.34890532,特優級,民眾洽公場所,無障礙廁所,高雄市政府環境保護局,0
10020,10020020,文化里,I020000624,西市場2F-右側男,嘉義市西　區文化里國華街245號近國華街,嘉義市政府建設處,23.47939000,120.44839500,特優級,商業營業場所,男廁所,建設處市場管理科,0
10020,10020020,文化里,I020000622,台灣中油文化路加油站男廁,嘉義市西　區文化里文化路11號,"台灣中油股份有限公司 油品行銷事業部嘉義營業處",23.47454000,120.44997000,特優級,商業營業場所,男廁所,台灣中油股份有限公司油品行銷事業部嘉義營業處文化路加油站,0
64000,64000120,忠孝里,E120000395,(北鳳)婦幼青少年館(東側)-1F無障礙廁所,高雄市鳳山區忠孝里光復路2段120號,高雄市政府社會局,22.62989200,120.34742400,特優級,社福機構、集會場所,無障礙廁所,高雄市政府社會局婦幼青少年活動中心,1
64000,64000120,忠孝里,E120000406,(北鳳)視聽教室-1F女廁,高雄市鳳山區忠孝里光復路2段120號,高雄市政府社會局,22.62989200,120.34742400,特優級,社福機構、集會場所,女廁所,高雄市政府社會局婦幼青少年活動中心,0
64000,64000120,忠孝里,E120000449,(北鳳)高雄市政府海洋局(西側)-3F男廁,高雄市鳳山區忠孝里光復路2段132號,高雄市政府海洋局,22.63057200,120.34379600,特優級,民眾洽公場所,男廁所,高雄市政府海洋局,0
64000,64000130,林園里,E130000048,林園區衛生所-2F男廁,高雄市林園區林園里林園北路186號,高雄市政府衛生局,22.50766400,120.39523800,特優級,民眾洽公場所,男廁所,高雄市林園區衛生所,0
64000,64000130,林園里,E130000050,林園區衛生所-3F男廁,高雄市林園區林園里林園北路186號,高雄市政府衛生局,22.50766400,120.39523800,特優級,民眾洽公場所,男廁所,高雄市林園區衛生所,0
64000,64000180,鳥松里,E180000002,澄清湖風景區(第一景，大門口)-女廁,高雄市鳥松區鳥松里大埤路32號,高雄市政府觀光局,22.65358110,120.34907700,特優級,觀光地區及風景區,女廁所,高雄市政府觀光局金獅湖管理站,0
64000,64000180,鳥松里,E180000009,澄清湖風景區-泡茶區男廁2-男廁,高雄市鳥松區鳥松里大埤路32號,高雄市政府工務局,22.66215180,120.34167070,特優級,觀光地區及風景區,男廁所,高雄市政府工務局公園處,0
64000,64000180,鳥松里,E180000011,澄清湖風景區-忠靈塔-男廁,高雄市鳥松區鳥松里大埤路32號,高雄市政府工務局,22.66585270,120.34776840,特優級,觀光地區及風景區,男廁所,高雄市政府工務局公園處,0
64000,64000180,大華里,E180000191,高雄圓山大飯店-西側5F-女廁,高雄市鳥松區大華里圓山路2號,財團法人台灣敦睦聯誼會,22.65492301,120.34657180,特優級,其他,女廁所,高雄圓山大飯店,0
64000,64000180,鳥松里,E180000137,高雄市政府環境保護局-B棟8F-無障礙廁所,高雄市鳥松區鳥松里澄清路834-1號,高雄市政府環境保護局,22.65000211,120.34889728,特優級,民眾洽公場所,無障礙廁所,高雄市政府環境保護局,0
64000,64000180,鳥松里,E180000139,高雄市政府環境保護局-A棟1F-女廁,高雄市鳥松區鳥松里澄清路834號,高雄市政府環境保護局,22.64962339,120.34883291,特優級,民眾洽公場所,女廁所,高雄市政府環境保護局,0
64000,64000180,鳥松里,E180000162,鳥松區戶政事務所-混合廁所,高雄市鳥松區鳥松里中正路96號,高雄市政府民政局,22.65934374,120.36438704,特優級,民眾洽公場所,混合廁所,高雄市政府民政局,0
64000,64000210,南燕里,E210000143,燕巢區衛生所-1F無障礙廁所,高雄市燕巢區南燕村中興路2號,高雄市政府衛生局,22.79303000,120.36165900,特優級,民眾洽公場所,無障礙廁所,高雄市燕巢區衛生所,0
64000,64000210,南燕里,E210000145,燕巢區衛生所-2F女廁,高雄市燕巢區南燕村中興路2號,高雄市政府衛生局,22.79303000,120.36165900,特優級,民眾洽公場所,女廁所,高雄市燕巢區衛生所,0
64000,64000180,鳥松里,E180000018,澄清湖風景區-烤肉區-男廁,高雄市鳥松區鳥松里大埤路32號,高雄市政府工務局,22.66447810,120.34513450,特優級,觀光地區及風景區,男廁所,高雄市政府工務局公園處,0
64000,64000180,鳥松里,E180000020,澄清湖風景區-中興塔停車場-男廁,高雄市鳥松區鳥松里大埤路32號,高雄市政府工務局,22.66734610,120.34318320,特優級,交通,男廁所,高雄市政府工務局公園處,0
64000,64000180,鳥松里,E180000044,勞工澄清服務中心公園-女廁,高雄市鳥松區鳥松里大埤路32號,高雄市政府工務局,22.65197200,120.35800600,特優級,公園,女廁所,高雄市政府工務局公園處,0
64000,64000180,大華里,E180000184,高雄圓山大飯店B1-男廁-無障礙廁所,高雄市鳥松區大華里圓山路2號,財團法人台灣敦睦聯誼會,22.65492301,120.34657180,特優級,其他,男廁所,高雄圓山大飯店,0
64000,64000180,鳥松里,E180000144,高雄市政府環境保護局-A棟3F-男廁,高雄市鳥松區鳥松里澄清路834號,高雄市政府環境保護局,22.64964071,120.34882486,特優級,民眾洽公場所,男廁所,高雄市政府環境保護局,0
64000,64000180,鳥松里,E180000146,高雄市政府環境保護局-A棟3F-無障礙廁所,高雄市鳥松區鳥松里澄清路834號,高雄市政府環境保護局,22.64963329,120.34882218,特優級,民眾洽公場所,無障礙廁所,高雄市政府環境保護局,0
64000,64000180,鳥松里,E180000153,高雄市政府環境保護局-A棟6F-男廁,高雄市鳥松區鳥松里澄清路834號,高雄市政府環境保護局,22.64962091,120.34880877,特優級,民眾洽公場所,男廁所,高雄市政府環境保護局,0
64000,64000180,鳥松里,E180000155,高雄市政府環境保護局-A棟6F-無障礙廁所,高雄市鳥松區鳥松里澄清路834號,高雄市政府環境保護局,22.64961596,120.34887314,特優級,民眾洽公場所,無障礙廁所,高雄市政府環境保護局,0
64000,64000180,鳥松里,E180000145,高雄市政府環境保護局-A棟3F-女廁,高雄市鳥松區鳥松里澄清路834號,高雄市政府環境保護局,22.64964071,120.34882486,特優級,民眾洽公場所,女廁所,高雄市政府環境保護局,0
64000,64000180,鳥松里,E180000152,高雄市政府環境保護局-A棟5F-無障礙廁所,高雄市鳥松區鳥松里澄清路834號,高雄市政府環境保護局,22.64961596,120.34885168,特優級,民眾洽公場所,無障礙廁所,高雄市政府環境保護局,0
64000,64000180,鳥松里,E180000119,高雄市政府環境保護局-B棟2F-男廁,高雄市鳥松區鳥松里澄清路834-1號,高雄市政府環境保護局,22.64997241,120.34893215,特優級,民眾洽公場所,男廁所,高雄市政府環境保護局,0
64000,64000180,鳥松里,E180000130,高雄市政府環境保護局-B棟5F-無障礙廁所,高雄市鳥松區鳥松里澄清路834-1號,高雄市政府環境保護局,22.65001944,120.34889460,特優級,民眾洽公場所,無障礙廁所,高雄市政府環境保護局,0
64000,64000190,壽天里,E190000106,岡山區衛生所1F-無障礙廁所,高雄市岡山區壽天里公園路50號,高雄市政府衛生局,22.79613526,120.29102921,特優級,民眾洽公場所,無障礙廁所,高雄市岡山區衛生所,0
64000,64000190,大遼里,E190000145,高雄市立圖書館-岡山文化中心分館2F-男廁,高雄市岡山區大遼里岡山南路43號,高雄市政府文化局,22.78308100,120.29884900,特優級,文化育樂活動場所,男廁所,高雄市立圖書館岡山文化中心分館,0
64000,64000210,南燕里,E210000142,燕巢區衛生所-1F女廁,高雄市燕巢區南燕村中興路2號,高雄市政府衛生局,22.79303000,120.36165900,特優級,民眾洽公場所,女廁所,高雄市燕巢區衛生所,0
64000,64000210,南燕里,E210000146,燕巢區衛生所-2F無障礙廁所,高雄市燕巢區南燕村中興路2號,高雄市政府衛生局,22.79303000,120.36165900,特優級,民眾洽公場所,無障礙廁所,高雄市燕巢區衛生所,0
64000,64000180,鳥松里,E180000141,高雄市政府環境保護局-A棟2F-男廁,高雄市鳥松區鳥松里澄清路834號,高雄市政府環境保護局,22.64963081,120.34886241,特優級,民眾洽公場所,男廁所,高雄市政府環境保護局,0
64000,64000180,鳥松里,E180000143,高雄市政府環境保護局-A棟2F-無障礙廁所,高雄市鳥松區鳥松里澄清路834號,高雄市政府環境保護局,22.64963081,120.34881145,特優級,民眾洽公場所,無障礙廁所,高雄市政府環境保護局,0
64000,64000180,鳥松里,E180000156,高雄市政府環境保護局-A棟7F-男廁,高雄市鳥松區鳥松里澄清路834號,高雄市政府環境保護局,22.64961596,120.34886777,特優級,民眾洽公場所,男廁所,高雄市政府環境保護局,0
64000,64000180,鳥松里,E180000158,高雄市政府環境保護局-A棟7F-無障礙廁所,高雄市鳥松區鳥松里澄清路834號,高雄市政府環境保護局,22.64965062,120.34882486,特優級,民眾洽公場所,無障礙廁所,高雄市政府環境保護局,0
64000,64000180,鳥松里,E180000160,高雄市政府環境保護局-A棟8F-女廁,高雄市鳥松區鳥松里澄清路834號,高雄市政府環保局,22.64962091,120.34888923,特優級,民眾洽公場所,女廁所,高雄市政府環境保護局,0
64000,64000180,鳥松里,E180000117,高雄市政府環境保護局(B棟)1F-女廁,高雄市鳥松區鳥松里澄清路834-1號,高雄市政府環境保護局,22.64999716,120.34891069,特優級,民眾洽公場所,女廁所,高雄市政府環境保護局,0
64000,64000180,鳥松里,E180000132,高雄市政府環境保護局-B棟6F-女廁,高雄市鳥松區鳥松里澄清路834-1號,高雄市政府環境保護局,22.65001202,120.34892410,特優級,民眾洽公場所,女廁所,高雄市政府環境保護局,0
64000,64000180,鳥松里,E180000134,高雄市政府環境保護局-B棟7F-男廁,高雄市鳥松區鳥松里澄清路834-1號,高雄市政府環境保護局,22.65000954,120.34892678,特優級,民眾洽公場所,男廁所,高雄市政府環境保護局,0
64000,64000180,鳥松里,E180000021,澄清湖風景區-中興塔停車場-女廁,高雄市鳥松區鳥松里大埤路32號,高雄市政府工務局,22.66734610,120.34318320,特優級,交通,女廁所,高雄市政府工務局公園處,0
64000,64000180,鳥松里,E180000043,勞工澄清服務中心公園-男廁,高雄市鳥松區鳥松里大埤路32號,高雄市政府工務局,22.65197200,120.35800600,特優級,公園,男廁所,高雄市政府工務局公園處,0
64000,64000180,鳥松里,E180000150,高雄市政府環境保護局-A棟5F-男廁,高雄市鳥松區鳥松里澄清路834號,高雄市政府環境保護局,22.64964071,120.34885168,特優級,民眾洽公場所,男廁所,高雄市政府環境保護局,0
64000,64000180,鳥松里,E180000151,高雄市政府環境保護局-A棟5F-女廁,高雄市鳥松區鳥松里澄清路834號,高雄市政府環境保護局,22.64965062,120.34883022,特優級,民眾洽公場所,女廁所,高雄市政府環境保護局,0
64000,64000180,鳥松里,E180000124,高雄市政府環境保護局-B棟3F-無障礙廁所,高雄市鳥松區鳥松里澄清路834-1號,高雄市政府環境保護局,22.65002934,120.34893483,特優級,民眾洽公場所,無障礙廁所,高雄市政府環境保護局,0
64000,64000180,鳥松里,E180000125,高雄市政府環境保護局-B棟4F-男廁,高雄市鳥松區鳥松里澄清路834-1號,高雄市政府環境保護局,22.64998726,120.34892678,特優級,民眾洽公場所,男廁所,高雄市政府環境保護局,0
64000,64000190,壽天里,E190000104,岡山區衛生所1F-男廁,高雄市岡山區壽天里公園路50號,高雄市政府衛生局,22.79605194,120.29105306,特優級,民眾洽公場所,男廁所,高雄市岡山區衛生所,0
64000,64000190,壽天里,E190000105,岡山區衛生所1F-女廁,高雄市岡山區壽天里公園路50號,高雄市政府衛生局,22.79606677,120.29103696,特優級,民眾洽公場所,女廁所,高雄市岡山區衛生所,0
64000,64000180,鳥松里,E180000154,高雄市政府環境保護局-A棟6F-女廁,高雄市鳥松區鳥松里澄清路834號,高雄市政府環境保護局,22.64960606,120.34885168,特優級,民眾洽公場所,女廁所,高雄市政府環境保護局,0
64000,64000180,鳥松里,E180000161,高雄市政府環境保護局-A棟8F-無障礙廁所,高雄市鳥松區鳥松里澄清路834號,高雄市政府環保局,22.64963576,120.34886241,特優級,民眾洽公場所,無障礙廁所,高雄市政府環境保護局,0
64000,64000180,鳥松里,E180000121,高雄市政府環境保護局-B棟2F-無障礙廁所,高雄市鳥松區鳥松里澄清路834-1號,高雄市政府環境保護局,22.65001944,120.34891605,特優級,民眾洽公場所,無障礙廁所,高雄市政府環境保護局,0
64000,64000180,鳥松里,E180000128,高雄市政府環境保護局-B棟5F-男廁,高雄市鳥松區鳥松里澄清路834-1號,高雄市政府環境保護局,22.65000706,120.34894288,特優級,民眾洽公場所,男廁所,高雄市政府環境保護局,0
64000,64000190,大遼里,E190000143,高雄市立圖書館-岡山文化中心分館1F-女廁,高雄市岡山區大遼里岡山南路43號,高雄市政府文化局,22.78308100,120.29884900,特優級,文化育樂活動場所,女廁所,高雄市立圖書館岡山文化中心分館,0
64000,64000190,大遼里,E190000154,皮影戲館1F-男廁,高雄市岡山區大遼里岡山南路42號,高雄市市立歷史博物館,22.78308100,120.29884900,特優級,文化育樂活動場所,男廁所,高雄市立歷史博物館-皮影戲館,0
64000,64000210,南燕里,E210000144,燕巢區衛生所-2F男廁,高雄市燕巢區南燕村中興路2號,高雄市政府衛生局,22.79303000,120.36165900,特優級,民眾洽公場所,男廁所,高雄市燕巢區衛生所,0
64000,64000210,南燕里,E210000151,燕巢區戶政事務所-無障礙廁所,高雄市燕巢區南燕村中民路585-1號,高雄市政府民政局,22.79308800,120.36229800,特優級,民眾洽公場所,無障礙廁所,岡山戶政事務所-燕巢辦公室,0
64000,64000180,鳥松里,E180000135,高雄市政府環境保護局-B棟8F-男廁,高雄市鳥松區鳥松里澄清路834-1號,高雄市政府環境保護局,22.64997736,120.34894824,特優級,民眾洽公場所,男廁所,高雄市政府環境保護局,0
64000,64000190,大遼里,E190000142,高雄市立圖書館-岡山文化中心分館1F-男廁,高雄市岡山區大遼里岡山南路43號,高雄市政府文化局,22.78308100,120.29884900,特優級,文化育樂活動場所,男廁所,高雄市立圖書館岡山文化中心分館,0
64000,64000190,大遼里,E190000155,皮影戲館1F-女廁,高雄市岡山區大遼里岡山南路42號,高雄市市立歷史博物館,22.78308100,120.29884900,特優級,文化育樂活動場所,女廁所,高雄市立歷史博物館-皮影戲館,0
64000,64000190,大遼里,E190000157,皮影戲館4F-男廁,高雄市岡山區大遼里岡山南路42號,高雄市市立歷史博物館,22.78308100,120.29884900,特優級,文化育樂活動場所,男廁所,高雄市立歷史博物館-皮影戲館,0
64000,64000220,南安里,E220000014,田寮區衛生所-女廁,高雄市田寮區南安里崗北路32號,高雄市政府衛生局,22.87301100,120.35937800,特優級,民眾洽公場所,女廁所,高雄市政府田寮區衛生所,0
64000,64000250,海埔里,E250000065,湖內區衛生所1F-男廁,高雄市湖內區海埔里湖中路203號,高雄市政府衛生局,22.90497698,120.22229433,特優級,民眾洽公場所,男廁所,高雄市湖內區衛生所,0
64000,64000300,湄洲里,E300000084,高雄市警察局(旗山分局)-女廁,高雄市旗山區湄洲里華中街1號,高雄市政府警察局,22.88789100,120.48303100,特優級,民眾洽公場所,女廁所,高雄市警察局旗山分局,0
64000,64000320,六龜里,E320000056,六龜區衛生所1F-女廁,高雄市六龜區六龜里民治路16號,高雄市政府衛生局,22.99836643,120.63333079,特優級,民眾洽公場所,女廁所,高雄市六龜區衛生所,0
64000,64000190,大遼里,E190000156,皮影戲館2F-女廁,高雄市岡山區大遼里岡山南路42號,高雄市立市歷史博物館,22.78308100,120.29884900,特優級,文化育樂活動場所,女廁所,高雄市市立歷史博物館-皮影戲館,0
64000,64000210,南燕里,E210000141,燕巢區衛生所-1F男廁,高雄市燕巢區南燕村中興路2號,高雄市政府衛生局,22.79303000,120.36165900,特優級,民眾洽公場所,男廁所,高雄市燕巢區衛生所,0
64000,64000220,南安里,E220000015,路竹戶政事務所田寮辦公處-無障礙廁所,高雄市田寮區南安里崗安路71之3號,高雄市政府民政局,22.87035300,120.35940300,特優級,民眾洽公場所,無障礙廁所,高雄市政府路竹戶政事務所田寮辦公處,1
64000,64000250,海埔里,E250000066,湖內區衛生所1F-女廁,高雄市湖內區海埔里湖中路203號,高雄市政府衛生局,22.90501651,120.22229433,特優級,民眾洽公場所,女廁所,高雄市湖內區衛生所,0
64000,64000320,六龜里,E320000055,六龜區衛生所1F-男廁,高雄市六龜區六龜里民治路16號,高雄市政府衛生局,22.99839359,120.63335091,特優級,民眾洽公場所,男廁所,高雄市六龜區衛生所,0
64000,64000330,東安里,E330000016,旗山區戶政事務所-甲仙辦公室1F-混合廁所,高雄市甲仙區東安里和安街42之1號,高雄市政府民政局,23.08365014,120.58946192,特優級,民眾洽公場所,混合廁所,高雄市旗山區戶政事務所,0
10014,10014110,公館村,V110000002,人權紀念公園男廁,臺東縣綠島鄉公館村將軍岩20號,國家人權博物館,22.67525352,121.49470210,特優級,文化育樂活動場所,男廁所,國家人權博物館,0
10002,10002030,南建里,G030000143,豆腐岬風景區-男廁,宜蘭縣蘇澳鎮南建里造船路6號,宜蘭縣政府,24.58450740,121.87183946,優等級,觀光地區及風景區,男廁所,宜蘭縣政府工商旅遊處,0
10014,10014120,海端村,V120000008,海端加油站男廁,臺東縣海端鄉海端村山平路52號,臺東縣海端鄉公所,23.12791667,121.14633330,特優級,商業營業場所,男廁所,臺東縣海端鄉公所,0
10002,10002050,德陽村,G050000019,湯圍溝公園-無障礙廁所,宜蘭縣礁溪鄉德陽村仁愛路一五巷六號,宜蘭縣政府工商旅遊處,24.82750785,121.77107960,特優級,公園,無障礙廁所,宜蘭縣政府工商旅遊處,1
10002,10002080,大進村,G080000161,香格里拉休閒農場-男廁,宜蘭縣冬山鄉大進村大進路1-1號,財政部國有財產署,24.63219419,121.72888041,特優級,商業營業場所,男廁所,香格里拉休閒農場,0
10002,10002040,武營里,G040000067,頭城加油站-女廁,宜蘭縣頭城鎮武營里開蘭路300號,經濟部台灣中油股份有限公司,24.86433785,121.82846842,特優級,商業營業場所,女廁所,台灣中油公司頭城站,0
10002,10002020,北成里,G020000076,羅東運動公園籃球場(P2)-男廁,宜蘭縣羅東鎮北成里公正路666號,宜蘭縣立體育場,24.68216812,121.75149947,特優級,公園,男廁所,宜蘭縣立體育場,0
10002,10002110,太平村,G110000039,太平山國家森林遊樂區-男廁,宜蘭縣大同鄉太平村太平山莊1號,農業部林業及自然保育署宜蘭分署,24.49219146,121.53638390,特優級,觀光地區及風景區,男廁所,農業部林業及自然保育署宜蘭分署太平山國家森林遊樂區,0
65000,65000060,忠誠里,F060000879,肯德基新店北新分店-女廁,新北市新店區忠誠里北新路2段61號,台灣百勝肯德基股份有限公司,24.97332700,121.54271300,優等級,商業營業場所,女廁所,肯德基新店北新分店,0
65000,65000060,中央里,F060001072,新店中央圖書館閱覽室2F-男廁,新北市新店區中央里中央五街60號,新北市政府文化局,24.97541800,121.52726400,優等級,文化育樂活動場所,男廁所,新北市立圖書館新店中央圖書閱覽室,0
64000,64000210,南燕里,E210000152,燕巢區戶政事務所-女廁,高雄市燕巢區南燕村中民路585-1號,高雄市政府民政局,22.79308800,120.36229800,特優級,民眾洽公場所,女廁所,岡山戶政事務所-燕巢辦公室,0
64000,64000220,南安里,E220000013,田寮區衛生所-男廁,高雄市田寮區南安里崗北路32號,高雄市政府衛生局,22.87301100,120.35937800,特優級,民眾洽公場所,男廁所,高雄市政府田寮區衛生所,0
10014,10014120,海端村,V120000013,關山戶政事務所海端辦公室混合廁所,臺東縣海端鄉海端村山界13-5號,臺東縣關山戶政事務所海端辦公室,23.09985400,121.17657000,特優級,民眾洽公場所,混合廁所,臺東縣關山戶政事務所海端辦公室,0
10002,10002030,新城里,G030000067,武荖坑-環保館-男廁,宜蘭縣蘇澳鎮新城里新城南路43-30號,宜蘭縣政府,24.60384102,121.81346571,特優級,觀光地區及風景區,男廁所,宜蘭縣政府工商旅遊處,0
10002,10002050,玉石村,G050000013,礁溪轉運站旅遊服務中心1F北側-無障礙廁所,宜蘭縣礁溪鄉玉石村公園路16-1號,宜蘭縣政府工商旅遊處,24.83074961,121.77642578,特優級,觀光地區及風景區,無障礙廁所,輕車悠遊股份有限公司,1
10002,10002050,龍潭村,G050000100,龍潭湖風景區-男廁,宜蘭縣礁溪鄉龍潭村環湖路1號,宜蘭縣政府工商旅遊處,24.79282093,121.74037797,特優級,觀光地區及風景區,男廁所,宜蘭縣政府工商旅遊處,0
10002,10002080,安平村,G080000021,台亞宜蘭冬山加油站-性別友善廁所,宜蘭縣冬山鄉安平村冬山路一段1071號,台亞宜蘭冬山加油站,24.63371900,121.78980400,特優級,商業營業場所,性別友善廁所,台亞宜蘭冬山加油站,0
10002,10002100,集慶村,G100000030,三星加油站-男廁,宜蘭縣三星鄉集慶村三星路四段235號,經濟部台灣中油股份有限公司,24.66719942,121.65772998,特優級,商業營業場所,男廁所,台灣中油公司三星站,0
64000,64000260,崎漏里,E260000119,情人碼頭-旅客服務中心-女廁,高雄市茄萣區崎漏里東方路一段219號,高雄市政府海洋局,22.87761250,120.21289960,特優級,觀光地區及風景區,女廁所,興達港辦公室,0
64000,64000300,湄洲里,E300000081,旗山區戶政事務所-男廁,高雄市旗山區湄洲里延平一路503號,高雄市政府民政局,22.89028000,120.47992200,特優級,民眾洽公場所,男廁所,高雄市旗山區戶政事務所,0
10014,10014070,東河村,V070000012,東管處金樽遊憩區男廁,臺東縣東河鄉東河村七里橋11號,交通署觀光署東部海岸國家風景區管理處,22.96227500,121.29926000,特優級,觀光地區及風景區,男廁所,交通署觀光署東部海岸國家風景區管理處,0
10014,10014120,海端村,V120000012,海端鄉公所男廁,臺東縣海端鄉海端村山界43號,臺東縣海端鄉公所,23.10207000,121.17662000,特優級,民眾洽公場所,男廁所,臺東縣海端鄉公所,0
10002,10002030,新城里,G030000055,武荖坑-A區服務中心-男廁,宜蘭縣蘇澳鎮新城里新城南路43-30號,宜蘭縣政府,24.60981835,121.81599319,特優級,觀光地區及風景區,男廁所,宜蘭縣政府工商旅遊處,0
10002,10002050,玉石村,G050000006,礁溪轉運站旅遊服務中心1F南側-男廁,宜蘭縣礁溪鄉玉石村公園路16號,宜蘭縣政府工商旅遊處,24.83060307,121.77659744,特優級,觀光地區及風景區,男廁所,輕車悠遊股份有限公司,0
10002,10002030,東澳里,G030000153,東澳加油站-男廁,宜蘭縣蘇澳鎮東澳里蘇花路三段210號,東澳加油站,24.52033870,121.83331812,特優級,商業營業場所,男廁所,東澳加油站,0
10002,10002110,崙埤村,G110000001,大同加油站-男廁,宜蘭縣大同鄉崙埤村泰雅路1段92號,經濟部台灣中油股份有限公司,24.67149849,121.60433069,特優級,商業營業場所,男廁所,台灣中油公司大同站,0
64000,64000190,大遼里,E190000147,高雄市立圖書館-岡山文化中心分館3F-男廁,高雄市岡山區大遼里岡山南路43號,高雄市政府文化局,22.78308100,120.29884900,特優級,文化育樂活動場所,男廁所,高雄市立圖書館岡山文化中心分館,0
64000,64000210,南燕里,E210000147,燕巢區衛生所-3F男廁,高雄市燕巢區南燕村中興路2號,高雄市政府衛生局,22.79303000,120.36165900,特優級,民眾洽公場所,男廁所,高雄市燕巢區衛生所,0
64000,64000210,南燕里,E210000148,燕巢區衛生所-3F女廁,高雄市燕巢區南燕村中興路2號,高雄市政府衛生局,22.79303000,120.36165900,特優級,民眾洽公場所,女廁所,高雄市燕巢區衛生所,0
64000,64000260,崎漏里,E260000122,情人碼頭-北側劇場-1F男廁,高雄市茄萣區崎漏里東方路一段239號,高雄市政府海洋局,22.87934920,120.21096130,特優級,觀光地區及風景區,男廁所,興達港辦公室,0
64000,64000260,崎漏里,E260000123,情人碼頭-北側劇場-1F女廁,高雄市茄萣區崎漏里東方路一段239號,高雄市政府海洋局,22.87934920,120.21096130,特優級,觀光地區及風景區,女廁所,興達港辦公室,0
10014,10014110,南寮村,V110000020,臺灣中油綠島加油站無障礙廁,臺東縣綠島鄉南寮村漁港路7號,臺灣中油綠島加油站,22.66062330,121.47526415,特優級,商業營業場所,無障礙廁所,臺灣中油綠島加油站,1
10002,10002090,上四村,G090000012,羅東加油站-男廁,宜蘭縣五結鄉上四村中正路二段94號,經濟部台灣中油股份有限公司,24.69749100,121.76937600,特優級,商業營業場所,男廁所,台灣中油公司羅東站,0
10002,10002090,福興村,G090000031,五結加油站-男廁,宜蘭縣五結鄉福興村五結路3段565號,五結加油站,24.68228215,121.78031713,特優級,商業營業場所,男廁所,五結加油站,0
64000,64000250,海埔里,E250000068,湖內區衛生所2F-女廁,高雄市湖內區海埔里湖中路203號,高雄市政府衛生局,22.90489791,120.22233725,特優級,民眾洽公場所,女廁所,高雄市湖內區衛生所,0
64000,64000300,湄洲里,E300000083,高雄市警察局(旗山分局)-男廁,高雄市旗山區湄洲里華中街1號,高雄市政府警察局,22.88789100,120.48303100,特優級,民眾洽公場所,男廁所,高雄市警察局旗山分局,0
10014,10014110,南寮村,V110000028,臺東縣綠島鄉戶政事務所,臺東縣綠島鄉南寮村160號,臺東縣臺東戶政事務所綠島辦公室,22.66836111,121.46958330,特優級,民眾洽公場所,混合廁所,臺東縣臺東戶政事務所綠島辦公室,0
10002,10002050,大忠村,G050000025,五峰旗風景區停車場-男廁,宜蘭縣礁溪鄉大忠村五峰路81巷3號,宜蘭縣政府工商旅遊處,24.82986105,121.75222635,特優級,觀光地區及風景區,男廁所,宜蘭縣政府工商旅遊處,0
10002,10002020,南豪里,G020000027,羅東中正南路加油站-男廁,宜蘭縣羅東鎮南豪里中正南路9號,經濟部台灣中油股份有限公司,24.66838228,121.77197009,特優級,商業營業場所,男廁所,台灣中油公司中正南路站,0
10002,10002060,吉祥村,G060000003,壯圍加油站-男廁,宜蘭縣壯圍鄉吉祥村壯五路391號,經濟部台灣中油股份有限公司,24.74730721,121.78264797,特優級,商業營業場所,男廁所,台灣中油公司壯圍站,0
10002,10002050,吳沙村,G050000090,四城火車站-無障礙廁所,宜蘭縣礁溪鄉吳沙村站前路24號,國營臺灣鐵路股份有限公司,24.78654801,121.76269501,特優級,交通,無障礙廁所,國營臺灣鐵路股份有限公司四城火車站,0
